LEMMA,FORM
1,M
1,m
1,x
1000us,meque
100us,Cumque
100us,cumque
11,mi
11,xi
11us,xii
11us,xij
12,xii
12,xij
1273us,mcclxxiiij
1274,mcclxxiiij
12us,xijo
132,mcccxx
1347us,mcccxlviii
1347us,mcccxlviij
1348,mcccxlviii
1348,mcccxlviij
1374,mccclxxiv
1375us,mccclxxvi
1376,mccclxxvi
15,xv
15us,Cui
15us,Cvi
15us,clam
15us,cui
15us,cvi
15us,xvi
15us,xvj
16,Cui
16,Cvi
16,cui
16,cvi
16,xvi
16,xvj
16us,cuius
17us,xviij
18,xviij
18us,xviijo
1us,Cum
1us,Mo
1us,cum
1us,iam
1us,ii
1us,iis
1us,ij
1us,ius
1us,jam
1us,me
1us,mi
1us,mo
1us,morum
1us,xi
2,ii
2,ij
2,xx
22us,xxiii
23,xxiii
25us,xxvi
26,xxvi
27us,xxviii
27us,xxviij
28,xxviii
28,xxviij
2us,iij
2us,ijo
3,iij
34,xxxiv
3us,iiij
4,iiij
4,xl
4us,iiijo
5,D
5,L
5,W
5,d
5,u
5,v
51us,Die
51us,die
54,diu
54us,liiijo
55us,Duo
55us,duarum
55us,duas
55us,duo
55us,duorum
55us,duos
56us,lvij
57,lvij
5us,De
5us,de
5us,dum
5us,le
5us,uos
5us,vi
5us,vj
5us,vo
5us,vos
6,vi
6,vj
6us,via
6us,viam
6us,vij
7,vij
7us,viii
7us,viij
8,viii
8,viij
9,ix
Actius,actio
Alanus,Alani
Alanus,Alano
Alanus,Alanus
Alexander,Alexander
Alexander,Alexandri
Alius,alia
Alius,aliam
Alius,aliaque
Alius,alias
Alius,alii
Alius,aliis
Alius,aliisque
Alius,alijs
Alius,alijsque
Alius,alio
Alius,aliorum
Alius,alios
Alius,alium
Anglia,Anglia
Anglia,Angliae
Anglia,Angliam
Anglia,Angliæ
Anglicus,Anglicus
Anna,annis
Aprilis,Aprilis
Aquilo,aquilonem
Archadiensis,Archadiensis
Archidiaconatus,Archidiaconatum
Archidiaconatus,Archidiaconatus
Archidiaconatus,archidiaconatum
Augusteus,Augusti
Augustus,Augusti
Auinionensis,Auinionensi
Auinionensis,Auinionensis
Aurius,auri
Avinionensis,Auinionensi
Avinionensis,Auinionensis
Bertrandus,Bertrandum
Blanda,blandis
Caecus,cæcus
Calvus,Calue
Campanus,campana
Cantuariensis,Cantuariensem
Capitulum,Capituli
Capitulum,Capitulo
Capitulum,capitulo
Capta,Capta
Capta,capta
Celer,celerem
Celer,celeris
Ceus,Cum
Ceus,cum
Christianus,Christianis
Christus,Christi
Christus,Christo
Cisterciensis,Cisterciensis
Cistertiensis,Cisterciensis
Civilis,ciuilis
Clemens,Clemens
Clemens,Clemente
Clemens,Clementis
Commodus,commoda
Commodus,commodum
Concordia,concordiam
Conuerensis,Conuerensem
Conuerensis,Conuerensis
Cous,Cum
Cous,cum
Crastinus,Crastino
Curetis,curetis
Curius,Curia
Curius,curia
Curius,curiam
Damascus,Damascum
Danaus,Danorum
Danaus,Danos
David,David
December,December
December,Decembris
Decimus,decimo
Dia,Die
Dia,die
Dictaeus,dictæ
Dominicum,Dominica
Dominicum,Dominici
Dominicum,dominica
Dominicum,dominicum
Dublinensis,Dublinensi
Dunensis,Dunensem
Dunensis,Dunensi
Dunensis,Dunensibus
Dunensis,Dunensis
Eboracensis,Eboracensi
Eboracensis,Eboracensis
Egregius,egregio
Eous,Eo
Eous,ea
Eous,eam
Eous,earum
Eous,eas
Eous,ei
Eous,eis
Eous,eo
Eous,eorum
Eous,eos
Eous,eum
Ergadiensis,Ergadiensi
Ergadiensis,Ergadiensis
Esus,esus
Februarius,Februarii
Firmum,firma
Flamma,flammis
Francia,Franciæ
Gallia,Galliis
Gallius,Galliis
Gentius,genti
Germanus,Germani
Germanus,germanam
Germanus,germani
Germanus,germano
Gratia,Gratia
Gratia,Gratie
Gratia,gratia
Gratia,gratiam
Gratia,gratiarum
Gratia,gratias
Gratia,gratie
Gratia,gratiæ
Gratius,Gratia
Gratius,Gratie
Gratius,gracia
Gratius,graciam
Gratius,gratia
Gratius,gratiam
Gratius,gratiarum
Gratius,gratias
Gratius,gratie
Gratius,gratiæ
Heius,Hi
Henricus,Henrici
Henricus,Henrico
Henricus,Henricum
Henricus,Henricus
Hibernia,Hiberniae
Hibernia,Hiberniam
Hierosolyma,Ierusalem
Honorius,honori
Hora,hora
Hora,horam
Hora,horis
Hostius,hostium
Iius,ii
Ilus,Ile
Indus,inde
Insula,Insula
Insula,Insulam
Insula,Insularum
Insula,Insulas
Insula,Insule
Insula,Insulis
Insula,Jnsula
Insula,Jnsulas
Insula,Jnsule
Insula,insula
Insula,insulam
Insula,insularum
Insula,insulas
Insula,insulis
Insula,insulæ
Irus,ire
Januarius,Januarij
Johanna,Johanne
Johanna,Johannis
Johannes,Johanne
Johannes,Johannem
Johannes,Johannes
Johannes,Johanni
Johannes,Johannis
Jona,Iona
Joseph,Joseph
Julius,Julii
Julius,Julij
Junius,Junii
Junius,Junij
Karliolensis,Karliolensem
Lateranensis,Lateranensis
Lateranus,Laterani
Latius,latius
Laurens,Laurentius
Laurentius,Laurentii
Laurentius,Laurentio
Laurentius,Laurentius
Libera,libera
Libera,liberam
Libera,libere
Liberalis,liberales
Lismorensis,Lismorensi
Lismorensis,Lismorensis
Londoniensis,Londoniensi
Luca,lucis
Lucina,Lucina
Lucus,lucis
Lugdunum,Lugduni
Lugdunum,Lugdunum
Luna,Lunæ
Magalonensis,Magalonensis
Magnus,Magni
Magnus,Magno
Magnus,Magnum
Magnus,Magnus
Magnus,magnis
Magnus,magno
Magnus,magnum
Magnus,magnus
Maius,Maii
Maius,mi
Maleus,mali
Maleus,malum
Mania,Mania
Mannensis,Mannensem
Mannensis,Mannenses
Mannensis,Mannensibus
Mannensis,Mannensis
Mannensis,Mannensium
Marcus,Marci
Marcus,Marcus
Marcus,marchis
Marcus,marcis
Maria,Maria
Maria,Mariam
Maria,Marie
Maria,Mariæ
Marius,Maria
Marius,Mariam
Marius,Marie
Marius,Mariæ
Mars,Martis
Martinus,Martini
Martinus,Martinus
Martius,Martii
Martius,Martij
Massilia,Massilie
Media,media
Melius,melius
Minous,minorum
Minous,minus
Missus,missa
Missus,missam
Missus,missi
Missus,missis
Missus,missus
Moneta,monete
Natalis,natale
Natalis,natalis
Nava,navis
Navius,navi
Navius,navium
Nemeus,nemo
Nepos,nepos
Nicolaus,Nicolai
Nicolaus,Nicolaus
Nidrocensis,Nidrocensi
Nidrociensis,Nidrociensi
Nidrosiensis,Nidrosiensi
Nidrosiensis,Nidrosiensis
Nigellus,Nigelli
Nigellus,Nigello
Nisus,nisi
Nona,nonam
Nona,nonas
Nona,nonis
Norvegiensis,Norvegienses
Norvegiensis,Norwegiensibus
Norvegiensis,Norwegiensis
Norvegiensis,Norwegiensium
Norwegia,Norvegia
Norwegia,Norvegiam
Norwegia,Norvegiæ
Norwegia,Norwagiæ
Norwegia,Norwegia
Norwegia,Norwegiae
Norwegia,Norwegiam
Norwegia,Norwegie
Norwegia,Norwegiæ
Norwegiensis,Norwegiensibus
Norwegiensis,Norwegiensis
Norwegiensis,Norwegiensium
Norwegius,Norvegia
Norwegius,Norvegiam
Norwegius,Norvegiæ
Norwegius,Norwegia
Norwegius,Norwegiae
Norwegius,Norwegiam
Norwegius,Norwegie
Norwegius,Norwegiæ
Nostius,nosti
Notus,notos
Octavius,octaui
October,Octobris
Ora,ora
Ora,ore
Ostiensis,Ostiensem
Paulus,Pauli
Paulus,Paulo
Paulus,Paulus
Paulus,paulo
Peneus,penam
Peneus,pene
Peneus,penis
Petreius,Petri
Petreus,Petri
Petreus,Petro
Petreus,Petrum
Petro,Petro
Philippeus,Philippi
Philippeus,Philippus
Philippus,Philippi
Philippus,Philippus
Porcius,porcio
Praenestinus,Prænestinum
Quieta,quiete
Quieta,quietis
Quinta,quinta
Quintus,quinto
Reginus,regina
Reginus,reginam
Reginus,reginæ
Regium,Regi
Regium,regi
Regium,regia
Regium,regio
Regulus,regulo
Rex,Rege
Rex,Regem
Rex,Regi
Rex,Regis
Rex,Rex
Rex,rege
Rex,regem
Rex,regemque
Rex,reges
Rex,regi
Rex,regis
Rex,regum
Rex,rex
Roma,Romam
Roma,Rome
Roma,Romæ
Romanus,Romana
Romanus,Romanam
Romanus,Romane
Romanus,Romanis
Romanus,Romanorum
Romanus,Romanos
Romanus,Romanum
Salomon,Salomonem
Saresbiriensis,Saresbiriensis
Scotia,Scocie
Scotia,Scotia
Scotia,Scotiae
Scotia,Scotiam
Scotia,Scotie
Scotia,Scotiæ
Secundus,secundo
Secundus,secundum
September,September
September,Septembris
Sextus,sexto
Sextus,sextus
Silvanus,Silvano
Silvanus,Silvanus
Sinis,sine
Sodarensis,Sodarensem
Sodarensis,Sodarenses
Sodarensis,Sodarensi
Sodarensis,Sodarensis
Soderensis,Soderenses
Soderensis,Soderensi
Soderensis,Soderensis
Sodorensis,Sodorensem
Sodorensis,Sodorensi
Sodorensis,Sodorensis
Stephanus,Stephanus
Tertia,tertia
Tertia,tertiæ
Testa,Teste
Valens,valens
Varia,uarias
Varia,variis
Varius,uarias
Varius,variis
Victor,victores
Wilhelmus,Wilhelmi
Wilhelmus,Wilhelmo
Wilhelmus,Wilhelmum
Wilhelmus,Wilhelmus
Wintoniensis,Wintoniensi
X,x
XX,xx
XXVIII,xxviii
Yniglacensis,Yniglacensis
ab,A
ab,a
ab,ab
ab,absque
abditus,abditis
abeo,abiit
abigo,abigere
abnuo,abnuit
abscondio,absconditum
abscondo,absconditum
absentia,absentia
abseo,absit
absolutio,absolucionem
absolutio,absolucionis
absolvo,absoluas
absolvo,absoluendum
absolvo,absoluimus
abstinentia,abstinentiam
absum,absente
absum,absentia
absum,absit
abusus,abusus
abutor,abusus
accedo,Accedens
accedo,accedat
accedo,accedens
accedo,accedente
accedo,accedentem
accedo,accedit
accedo,accesserant
accedo,accesserat
accedo,accesseris
accedo,accessit
accepta,accepta
accepta,acceptis
acceptabilis,acceptabilis
acceptum,accepta
acceptum,acceptis
acceptum,accepto
accido,accidit
accipio,Accepit
accipio,accepimus
accipio,accepit
accipio,accepta
accipio,acceptis
accipio,accepto
accipio,accipere
accipio,accipiens
accurro,accurrunt
acer,acri
acquiro,acquiritur
acquiro,acquisitis
acquisitus,acquisitis
actio,actio
actio,actiones
actio,actionis
actus,actibus
actus,actu
acuo,acuto
acutus,acuto
ad,Ad
ad,ad
adaugeo,adaugeri
addo,addidit
adduco,adducite
adduco,adduxerant
adduco,adduxerat
adduco,adduxerunt
adeo,adiens
adeo,adiit
adeo,adire
adeo,aditus
adhuc,adhuc
adimpleo,adimplere
adipisco,adipisci
aditus,aditus
adjuvo,adiuuante
adjuvo,adjuva
administratio,administracionem
administratio,administratione
administratio,administrationem
administrator,administratori
administrator,administratoris
admitto,admittentes
adsum,adesse
adsum,affuit
advenio,adveniret
advenio,adventu
advenio,adventus
adventus,adventu
adventus,adventus
adverro,adversus
adversarius,adversarii
adversus,adversus
adverto,adversus
advesperasco,Advesperascente
aedificatio,ædificationem
aedifico,edificandi
aedifico,ædificare
aeo,ait
aer,aeris
aera,aeris
aereus,aeris
aestas,æstate
aetas,ætatis
affecto,affecta
affecto,affectantes
affectus,affectu
affectus,affectum
afficio,affecta
afficio,affectu
afficio,affectum
affinis,affini
aggredio,aggreditur
aggredior,aggreditur
aggressio,aggressione
ago,actu
ago,agens
ago,agitur
alieno,aliena
alienum,aliena
alienum,alienorum
alienum,alienum
alienus,aliena
alienus,alienam
alienus,alienorum
alienus,alienum
aliquam,aliquam
aliquamdiu,aliquamdiu
aliquando,aliquando
aliquanto,aliquanto
aliquantus,aliquantis
aliquantus,aliquanto
aliquantus,aliquantos
aliquatenus,aliquatenus
aliquid,aliquid
alium,alia
alium,alii
alium,aliis
alium,alio
alium,aliorum
alium,alium
alloquor,allocutus
alo,alto
alo,altum
alter,alter
alter,altera
alter,alterius
alter,alterum
alto,alter
alto,alto
altum,alto
altum,altum
altus,alto
altus,altum
alveus,alveum
ambigo,ambigo
ambitus,ambitum
amen,Amen
amica,amicis
amicitia,amicitia
amicitia,amicitiæ
amicus,amicis
amicus,amico
amicus,amicorum
amicus,amicos
amicus,amicum
amitto,amiserat
amitto,amittere
amnis,amnis
amoenitas,amoenitate
amor,amore
amoveo,amoto
amoveo,amoverent
amplexor,amplexaretur
amplio,ampliandis
amplus,ampliori
amplus,amplius
amputo,amputavit
an,an
angelus,Angelo
ango,angimur
ango,angit
anima,anima
anima,animam
anima,animarum
anima,animas
anima,anime
animal,animalia
animal,animalibus
animal,animalium
animalis,animalia
animalis,animalibus
animalis,animalium
animo,anima
animo,animas
animo,animo
animus,anime
animus,animo
animus,animos
annuo,Annuit
annuo,annuamus
annuo,annuere
annuo,annuimus
annus,Anno
annus,annis
annus,anno
annus,annorum
annus,annos
annuum,annuum
annuus,annuum
ante,ante
antea,antea
antecessor,antecessores
antedico,antedicte
antequam,antequam
antiquo,antiqua
antiquum,antiqua
antiquum,antiquorum
antiquus,antiqua
antiquus,antiquorum
antistes,Antistes
antistes,antistes
antistes,antistitem
antistes,antistiti
antistitium,antistiti
anulus,anuli
aperio,aperiretur
aperio,aperiri
apex,apicem
apostolatus,Apostolatus
apostolatus,apostolatus
apostolicus,apostolica
apostolicus,apostolicam
apostolicus,apostolicas
apostolicus,apostolice
apostolicus,apostolici
apostolicus,apostolicis
apostolicus,apostolico
apostolicus,apostolicum
apostolicus,apostolicus
apostolicus,apostolicæ
apostolus,apostoli
apostolus,apostolorum
apparatus,apparatu
appareo,apparenti
appareo,apparerent
appareo,apparet
appareo,apparuerunt
appareo,apparuit
appario,apparatu
appario,apparerent
appellatio,appellatione
appello,appellatum
appensio,appensione
applico,applicuerunt
applico,applicuissent
applico,applicuisset
applico,applicuit
appono,apponamus
appono,apponere
approbo,approbata
appropinquo,Appropinquante
appropinquo,appropinquabant
appropinquo,appropinquarent
apud,Apud
apud,apud
aquilonaris,aquilonarem
aquilonaris,aquilonares
arbitror,arbitrabantur
archangelus,Archangeli
archidiaconus,Archidiacono
archidiaconus,Archidiaconum
archidiaconus,Archidiaconus
archidiaconus,archidiacono
archiepiscopus,Archiepiscopo
archiepiscopus,Archiepiscopum
archiepiscopus,Archiepiscopus
archiepiscopus,archiepiscopi
archiepiscopus,archiepiscopo
archiepiscopus,archiepiscopus
argenteus,argento
argenteus,argentum
argentum,argento
argentum,argentum
aridus,aridam
armarium,armari
armatus,armatorum
armatus,armatum
armo,armari
armo,armatorum
armo,armatum
armus,armis
armus,armos
arripio,arripere
arripio,arriperet
arripio,arripiens
arripio,arripuit
ascendo,ascendens
ascendo,ascendere
ascendo,ascenderet
ascendo,ascendite
ascensio,ascensionis
assensus,assensu
assensus,assensum
assensus,assensus
assentio,assensu
assentio,assensum
assentio,assensus
assentior,assensu
assentior,assensum
assentior,assensus
assequor,assecutus
assero,asserebat
assero,asserebatur
assero,asseris
assero,asserit
assiduitas,assiduitate
assiduus,assidue
assiduus,assiduis
assigno,assignare
assigno,assignari
assigno,assignata
assigno,assignatis
assigno,assignes
assisto,assistente
assuesco,assueverunt
assumo,assumens
assumo,assumere
assumo,assumpti
assumo,assumpto
assumo,assumuntur
asto,astaret
astringo,astricte
astringo,astrictus
astutia,astutia
at,At
atque,ac
atque,atque
atrox,atroci
attendo,attente
attendo,attentius
attentio,attentionis
attineo,attente
attineo,attentius
attraho,adtraxit
auctor,auctore
auctoritas,auctoritate
audeo,auderet
audeo,ausus
audio,Audiebant
audio,Audiens
audio,Audientes
audio,audiens
audio,audientes
audio,audire
audio,auditis
audio,audito
aufero,ablatas
aufero,auferre
aufero,auferret
augmento,augmentare
augustus,Augusti
aureus,auri
aureus,auro
aurum,auri
aurum,auro
australis,australem
australis,australi
australis,australis
ausus,ausus
aut,aut
autem,autem
autor,ausus
autumnum,autumno
auxilio,auxilio
auxilior,auxilio
auxilium,auxilio
auxilium,auxilium
baculum,baculo
baculum,baculum
baculus,baculo
baculus,baculum
beatum,beati
beatus,Beatæ
beatus,beati
beatus,beatæ
bellicum,bellicis
bellicus,bellicis
bellor,bello
bellum,bello
bellum,bellum
bellus,bello
bellus,bellum
bene,bene
benedico,Benedicti
benedictio,benedictionem
benedictio,benedictionis
benedictum,Benedicti
benedictus,Benedicti
beneficium,beneficia
beneficium,beneficio
beneficium,beneficium
beneplaceo,beneplacita
beneplaceo,beneplacitis
beneplacitum,beneplacita
beneplacitum,beneplacitis
beneplacitus,beneplacita
beneplacitus,beneplacitis
benignitas,benignitas
benignitas,benignitate
benignus,Benigno
benignus,benigna
benignus,benigne
benignus,benigno
benus,bene
beo,Beatæ
beo,beati
beo,beatæ
biennis,biennium
biennium,biennium
bipartio,bipartitum
blandio,blandis
blandior,blandis
blandus,blandis
bonum,bona
bonum,bonis
bonus,bona
bonus,bone
bonus,bonis
bonus,bonæ
bonus,melioribus
bonus,melius
brevitas,brevitatis
bulla,bulla
cado,cecidere
cado,ceciderunt
cado,cecidit
caecus,cæcus
caedo,cecidere
caedo,ceciderunt
caedo,cecidit
caedo,cædere
caeterus,Cæterum
calamitas,calamitatem
calceamentum,calceamenta
calliditas,calliditatis
calva,Calue
calveo,Calue
calvo,Calue
calvor,Calue
calvus,Calue
camera,Cameram
camera,Camere
camera,cameram
camera,camere
camerarius,Camerario
camerarius,Camerarius
campana,campana
campaneus,campana
campus,campo
cancellarius,Cancellario
cancellarius,cancellario
candida,candida
candidus,candida
cano,cantum
cano,cecinerunt
canon,Canone
canon,canones
canon,canonibus
canonicus,Canonicum
canonicus,canonica
canonicus,canonice
canonicus,canonici
canonicus,canonicis
canonicus,canonico
canonicus,canonicum
cantus,cantum
capio,Capta
capio,capere
capio,capientes
capio,capta
capio,captus
capio,ceperat
capio,cepit
capio,cepta
capitulum,Capituli
capitulum,Capitulo
capitulum,capitulo
capto,Capta
capto,capta
captus,captus
caput,caput
carcer,carcere
carcer,carceribus
cardinalis,Cardinalem
cardinalis,Cardinales
cardinalis,Cardinalibus
cardinalis,Cardinalis
cardinalis,Cardinalium
cardinalis,cardinales
cardinalis,cardinalibus
careo,careat
careo,carere
caritas,caritate
carnalis,carnali
carneus,carnis
caro,carere
carus,Carissimo
carus,carissime
carus,karissimo
castellum,Castellum
castellum,castellum
castrum,castri
castrum,castrum
casus,casibus
catena,catena
catena,catenam
catena,catenis
catenatus,catenatus
cateno,catenatus
cathedra,cathedram
cathedralis,Cathedralium
cathedralis,cathedrali
cathedralis,cathedralium
catholicus,catholica
catholicus,catholicam
causa,causa
causa,causam
causor,causa
cautio,cauciones
cavea,cave
caveo,cauetur
caveo,cave
cavo,cauetur
cavus,cave
cedo,cedit
celebro,celebratam
celebro,celebratum
celer,celeris
celeriter,celeriter
celero,celerem
celo,celeris
censeo,censura
censeo,censuram
censura,censura
censura,censuram
centum,centum
cerno,cernentes
cerno,creuerit
certamen,certamine
certo,certa
certo,certo
certor,certa
certor,certo
certus,certa
certus,certarum
certus,certis
certus,certo
certus,certum
certus,certus
cesso,cessante
cesso,cessantibus
ceterum,Cetera
ceterum,Ceteri
ceterum,Ceterum
ceterum,cetera
ceterum,ceteri
ceterum,ceteris
ceterum,cetero
ceterus,Cetera
ceterus,Ceteri
ceterus,Ceterum
ceterus,Cæterum
ceterus,cetera
ceterus,ceteri
ceterus,ceteris
ceterus,cetero
charta,chartam
chronicus,chronica
cibarium,cibariis
cibarius,cibariis
cieo,citius
circa,circa
circiter,circiter
circumceptus,circumceptos
circumcipio,circumceptos
circumdo,circumdederunt
circumduco,circumduxit
circumeo,circumiens
circumsaepio,circumseptus
circumspectio,circumspeccione
circumspectio,circumspectione
circumspectio,circumspectionem
circumspectio,circumspectionis
circumspecto,circumspecto
circumspectus,circumspectus
circumspicio,circumspectam
circumspicio,circumspecto
circumspicio,circumspectus
circumvallo,circumvallatus
cisterciensis,Cisterciensis
cito,citari
citrum,citra
civilis,ciuilis
civis,cives
civis,civibus
civitas,Ciuitatis
civitas,Civitatis
civitas,ciuitate
civitas,ciuitatem
civitas,ciuitatis
civitas,civitatem
civitas,civitati
clam,clam
clamo,clamantem
clamo,clamantes
clamo,clamavit
clamor,clamore
clamor,clamoribus
clandestinus,clandestine
clarus,Claram
clarus,claris
clarus,clarus
claudeo,claudebatur
claudo,claudebatur
claudo,clausit
clavus,clavos
clementia,clementia
clericus,clerici
clericus,clericis
clericus,clericorum
clericus,clericos
clericus,clericus
clerus,Cleri
clerus,Clero
clerus,Clerus
clerus,cleri
clerus,clero
clerus,clerum
clerus,clerus
cliens,clientibus
coepio,Coepit
coepio,coeperat
coepio,coeperunt
coepio,coepisset
coepio,coepit
cogito,cogitabat
cogito,cogitans
cogito,cogito
cognosco,cognoscat
cogo,coegissent
cogo,cogeret
cogo,cogito
collatio,collatio
collatio,collationem
collatio,collationi
collecta,collecta
collega,collegis
colligo,collecta
colligo,collegis
colligo,collegit
colloquium,colloquium
collum,colla
colo,colitis
colo,colitur
colo,cultum
colo,cultus
color,colore
coloreus,colore
columba,Columbe
columba,Columbæ
columbus,Columbe
comburo,combusserunt
comburo,combussit
comes,Comes
comes,Comitem
comes,Comitis
comes,comes
comes,comite
comes,comites
comes,comiti
comes,comitis
comis,Comes
comis,comes
comitas,comitatibus
comitatus,comitatibus
comitatus,comitatu
comitatus,comitatus
comitium,comiti
comito,comitatu
comito,comitatus
comitor,Comitem
comitor,comitabatur
comitor,comitatu
comitor,comitatus
comitor,comites
commendo,commendamus
commendo,commendare
commendo,commendaris
commendo,commendatos
commendo,commendatur
commercior,commercio
commercium,commercio
commiseror,commiserant
commissum,Commissum
commissum,commissa
commissum,commissis
commissum,commisso
commissum,commissum
committo,Commissum
committo,commiserant
committo,commisit
committo,commissa
committo,commissam
committo,commissas
committo,commissis
committo,commisso
committo,commissum
committo,committant
committo,committantur
committo,committendis
committo,committendo
committo,committimus
commodo,commoda
commodum,commoda
commodum,commodum
commodus,commoda
commodus,commodum
commoneo,commonita
commoveo,commoti
communico,communicabo
communio,communi
communio,communimus
communio,communionem
communio,communis
communio,communitas
communis,communem
communis,communi
communis,communibus
communis,communis
communitas,communitas
communitas,communitatem
communiter,communiter
commuto,commutare
como,Comes
como,Comitis
como,comes
como,comite
como,comitis
compareo,compareant
compello,compellas
compello,compellere
compello,compelli
compello,compulerunt
compendiosus,compendiosius
compenso,compensetur
compesco,compescendo
competo,competentibus
complaceo,complacuit
compleo,complens
compleo,complentes
compleo,complevit
compono,composuit
comprehendo,comprehendere
comprehendo,comprehenderet
comprehendo,comprehendi
comprehendo,comprehendit
comprehendo,comprehensum
conatum,conati
concedo,concedatur
concedo,concedenda
concedo,concedendo
concedo,concedendum
concedo,concedere
concedo,concedimus
concedo,conceditur
concedo,concessa
concedo,concessit
concedo,concessum
concedo,concessæ
conceptum,conceptis
conceptus,conceptis
concessio,concessione
concessio,concessiones
concessio,concessionis
concessus,concessum
concilio,concilio
concilium,concilio
concilium,concilium
concipio,conceptis
concordia,concordiam
concubina,concubinam
concubina,concubinas
condignus,condignam
condignus,condigne
conduco,conductu
conduco,conductum
conduco,conductus
conductum,conductum
conductus,conductum
conductus,conductus
confero,conferens
confero,conferimus
confero,conferre
confero,contulit
confessio,confessio
confessio,confessione
confessio,confessionibus
confessor,confessore
confessor,confessorem
confessor,confessoris
confestim,confestim
conficio,confectis
conficio,conficiendis
confidenter,confidenter
confido,confidentes
confirmatio,confirmatione
confirmo,confirmamus
confirmo,confirmare
confirmo,confirmari
confirmo,confirmato
confirmo,confirmatum
confirmo,confirmatus
confirmo,confirmauimus
confirmo,confirmauit
confirmo,confirmavit
conflictus,conflictu
confligo,conflictu
conformo,conformans
confoveo,confouere
confugio,confugientibus
confusio,confusione
conglobo,conglobati
conglutino,conglutinata
congredior,congredi
congredior,congressi
congredior,congressu
congregatio,congregatio
congregatio,congregationem
congrego,Congregata
congrego,congregantes
congrego,congregare
congrego,congregari
congrego,congregata
congrego,congregati
congrego,congregatis
congrego,congregavit
congressus,congressu
congruo,congrue
congruus,congrua
congruus,congrue
congruus,congruus
conjungo,coniunctos
conor,conabatur
conor,conaretur
conor,conaris
conor,conati
consanguinea,consanguineis
consanguineus,consanguineis
consanguineus,consanguineorum
consanguinitas,consanguinitate
consanguinitas,consanguinitatis
conscientia,conscientiam
conscientia,conscientie
consecratio,consecracionis
consecratio,consecrationem
consecratio,consecrationis
consecratus,consecratus
consecro,consecrare
consecro,consecrari
consecro,consecratus
consensus,consensum
consentio,consensit
consentio,consensu
consentio,consensum
consentio,consentire
consequens,consequens
consequor,consequaris
consequor,consequens
consequor,consequi
consequus,consequi
conservatio,conservationem
conservo,conseruandis
conservo,conseruentur
conservo,conseruetur
conservo,conservarent
considero,consideratis
consido,consideratis
consilior,consilio
consilium,consilio
consilium,consilium
consisto,consistente
consistorium,consistorio
conspectus,conspectu
conspicio,conspectu
conspiratio,conspiratione
consterno,consternati
consterno,consternatus
constituo,Constituta
constituo,constituendam
constituo,constituendum
constituo,constituerent
constituo,constitueret
constituo,constituerunt
constituo,constituissent
constituo,constituit
constituo,constitutum
constituo,constitutus
constitutio,constitutione
constitutio,constitutionis
constitutum,Constituta
constitutum,constitutum
consto,constantes
consto,constare
consto,constaret
consto,constiterit
constringo,constrinxit
construo,construendas
construo,construendi
construo,construxerunt
construo,construxit
consuesco,consueta
consuesco,consueuerunt
consuesco,consueuit
consuesco,consuevit
consuesco,consveverunt
consuesco,consvevit
consuetudo,consuetudine
consuetudo,consuetudinem
consuetudo,consuetudines
consuetudo,consuetudinibus
consuetudo,consvetudine
consulo,consulenda
contamino,contaminari
contemno,contemptum
contemptus,contemptum
conterreo,conterriti
continens,continentes
contineo,continebat
contineo,continentes
contineo,contineri
contineo,continetur
contingo,contigerant
contingo,contigerit
contingo,contingat
contingo,contingeret
contingo,continget
contingo,contingit
continuo,continua
continuo,continuari
continuo,continuo
continuus,continua
continuus,continue
continuus,continuo
contra,contra
contradictor,Contradictores
contradictor,contradictores
contraho,contracto
contraho,contrahendi
contraho,contraxerit
contraho,contraxerunt
contrarium,contrarium
contrarius,contrarium
contrarius,contrarius
contumacia,contumaciam
convenio,conuenientes
convenio,conuenire
convenio,conuenit
convenio,conuentu
convenio,conuentus
convenio,convenerunt
convenio,conveniat
convenio,convenientes
convenio,convenirent
convenio,convenit
convenio,conventu
convenio,conventus
conventio,conuencioni
conventus,Conuentui
conventus,conuentu
conventus,conuentus
conventus,conventu
conventus,conventus
converro,conuersam
converro,conversi
conversio,conversionis
converto,conuersam
converto,conversi
convivium,convivium
convocatus,convocatisque
convoco,convocatisque
copiosus,copiosam
copiosus,copioso
copula,copula
copulo,copula
copulor,copula
cor,cor
cor,corde
coram,coram
coronarius,coronari
corono,Coronatus
corono,coronari
corono,coronatorum
corono,coronatus
corporalis,corporalem
corporaliter,corporaliter
corporeus,corpora
corporeus,corpore
corporeus,corporis
corpus,corpora
corpus,corpore
corpus,corporis
corpus,corpus
corrigo,correxit
corripio,correptus
crastinum,Crastino
crastinum,crastina
crastinus,Crastino
crastinus,crastina
creditor,creditores
creditor,creditoribus
creditor,creditorum
creditum,creditorum
credo,Credidit
credo,credebam
credo,credimus
credo,creditas
credo,creditorum
cremo,cremavit
cresco,cresceret
crinis,crinibus
cruciatus,cruciatibus
crus,crure
crux,Crux
crux,crucis
cujus,Cujus
cujus,cuius
cujus,cujus
culmen,culmine
cultus,cultum
cultus,cultus
cum,Cum
cum,Cumque
cum,cum
cum,cumque
cumulus,cumulum
cunctus,Cunctis
cunctus,cunctam
cunctus,cunctis
cupio,Cupientibus
cupio,cuperent
cupio,cupiat
cupio,cupiens
cupio,cupientes
cupio,cupiunt
cura,cura
cura,curam
cura,cure
curia,Curia
curia,curia
curia,curiam
curo,cura
curo,curamus
curo,curaremus
curo,curarent
curo,curata
curo,curauerit
curo,curetis
curro,Cursi
curro,currentis
curro,currere
custodia,custodia
custodia,custodiam
custodia,custodie
custodio,custodiam
custodio,custodiebant
custodio,custodiendi
custodio,custodiendo
custos,custodem
custos,custodibus
custos,custodum
custos,custos
damno,damnavit
damno,dampna
dapsilis,dapsilis
datus,Datum
de,De
de,de
dea,De
dea,de
debello,debellando
debello,debellantes
debello,debellavit
debeo,debeant
debeo,debebatur
debeo,deberet
debeo,debet
debeo,debita
debeo,debitam
debeo,debite
debeo,debito
debeo,debitos
debeo,debitum
debeo,debitus
debeo,debuerat
debeo,debuisset
debilito,debilitare
decanus,decano
decedo,decedere
decedo,decessit
decem,decem
decennis,decennis
deceptorius,deceptoriis
decerno,Decernimus
decerno,decernas
decerno,decernendo
decerno,decernentes
decerno,decernimus
decerno,decreta
decerno,decreti
decerno,decretis
decerno,decreto
decerno,decreueris
decerno,decreuimus
decieo,decies
decima,decima
decima,decimas
decimo,decima
decimo,decimas
decimo,decimo
decimus,decima
decimus,decimas
decimus,decimo
declaratio,declaracione
declaro,declarauimus
declino,declinare
decor,decorem
decoris,decorem
decoro,decorem
decoro,decoro
decorum,decoro
decorus,decoro
decretum,decreta
decretum,decreti
decretum,decretis
decretum,decreto
dedico,Dedicata
dedico,dedicata
dedo,dedimus
dedo,dedit
dedo,deditque
deduco,deducere
deduco,deducimus
deeo,Dei
deeo,dei
defectus,defectu
defendo,defendatis
defensio,defensionem
defero,delatus
defero,detulit
deficio,defectu
deficio,deficiens
defunctus,defunctus
defungor,defuncto
defungor,defunctus
dego,degebat
dego,degentes
deinceps,deinceps
deinde,deinde
delabor,delapsi
deliberatio,deliberationem
delibero,deliberauerint
demereo,demeritis
demeritus,demeritis
demum,demum
denarius,denarios
denarius,denarium
denique,Denique
depraedor,deprædati
deprecor,deprecor
deputo,deputati
deputo,deputatis
deputo,deputatos
deputo,deputatus
derelinquo,derelinques
desiderium,desideriis
desidero,desiderantium
desidero,desideras
desidero,desiderato
desisto,desistat
destino,destinare
destituo,destituta
destituo,destitute
destruo,destructa
destruo,destrueret
desum,deesse
desum,deest
desum,defuit
detentor,detentore
detineo,detineat
detineo,detinent
detineo,detineret
detineo,detinuitque
detrimentum,detrimentis
detrimentum,detrimentum
deus,Dei
deus,Deo
deus,dei
deus,deo
deus,deum
deveho,devectus
devenio,deveni
devexum,devexo
devexus,devexo
devolvo,deuoluta
devolvo,deuolutam
devotio,deuocione
devotio,deuotione
devotio,deuotioni
devotio,deuotionis
devoveo,deuota
devoveo,deuotam
devoveo,deuote
devoveo,deuotis
devoveo,devotus
dexter,dextera
dexter,dextro
dextera,dextera
diaconatus,diaconatus
diaconus,diaconum
dico,Dicitur
dico,dicebant
dico,dicemus
dico,dicens
dico,dicimus
dico,dicitur
dico,dicta
dico,dictam
dico,dictarum
dico,dicte
dico,dicti
dico,dictique
dico,dictis
dico,dicto
dico,dictoque
dico,dictorum
dico,dictos
dico,dictum
dico,dictus
dico,dictusque
dico,dictæ
dico,diximus
dico,dixit
dicto,dicta
dicto,dicto
dicto,dictoque
dictum,dicta
dictum,dicti
dictum,dictis
dictum,dicto
dictum,dictorum
dictum,dictum
dictus,dictique
dictus,dictoque
dictus,dictusque
dies,Diem
dies,diebus
dies,diei
dies,diem
dies,dies
differo,differri
diffundo,diffundatur
dignitas,dignitas
dignitas,dignitate
dignitas,dignitatem
dignitas,dignitates
dignitas,dignitatibus
digno,digna
digno,dignaremur
dignor,digna
dignor,dignaremur
dignus,digna
dignus,dignum
dilatio,dilatione
dilectio,Dilectioni
dilectio,dilectioni
dilectio,dilectionis
dilectus,Dilectis
dilectus,Dilecto
dilectus,dilecti
dilectus,dilectis
dilectus,dilecto
dilectus,dilectorum
dilectus,dilectos
dilectus,dilectum
dilectus,dilectus
diligo,Dilectis
diligo,Dilecto
diligo,dilecti
diligo,dilectis
diligo,dilecto
diligo,dilectorum
diligo,dilectos
diligo,dilectum
diligo,dilectus
diligo,diligencia
diligo,diligentem
diligo,diligerent
diluculum,diluculo
dimico,dimicaret
dimidium,dimidium
dimidius,dimidium
dimitto,dimisit
dimitto,dimissus
dimitto,dimittere
dinosco,dinoscitur
diocesis,diocesi
diocesis,diocesis
directum,directa
directus,directa
directus,directas
dirigo,directa
dirigo,directas
dirigo,direximus
dirigo,dirigentes
dirigo,dirigetur
dirigo,dirigimus
dirigo,dirigitur
dirus,diro
discedo,discedes
discedo,discessisset
discedo,discessit
discedo,discessum
discerno,discretum
discessus,discessum
disco,didicerunt
disco,didicimus
disco,discant
discordia,discordiæ
discretio,Discretioni
discretio,discrecioni
discretio,discretionem
discretio,discretioni
discretio,discretionis
discrimen,discrimini
discurro,discurrebant
disjunctio,disjunctione
dispendium,dispendio
dispensatio,dispensatione
dispenso,dispensantes
dispenso,dispensare
dispenso,dispensatum
dispenso,dispenses
dispermulceo,dispersi
dispono,disponente
dispono,disponentes
dispono,disponere
dispono,disponis
dispositio,dispositione
dispositio,dispositioni
dissensio,dissensionis
dissolutum,dissoluta
dissolutum,dissolutis
dissolvo,dissoluta
dissolvo,dissolutis
disto,distabat
distringo,districte
distringo,districtum
diu,diu
dius,Die
dius,die
diuturnus,diuturna
diuturnus,diuturnis
diverto,diuersos
diverto,divertere
divido,dividere
divido,dividitur
divido,diviserunt
divina,diuina
divina,diuinam
divina,diuine
divina,diuinis
divina,divina
divino,diuina
divino,diuino
divino,divina
divino,divino
divinum,diuina
divinum,diuini
divinum,diuinis
divinum,diuino
divinum,divina
divinum,divino
divinum,divinum
divinus,diuina
divinus,diuinam
divinus,diuine
divinus,diuini
divinus,diuinis
divinus,diuino
divinus,divina
divinus,divino
divinus,divinum
divisim,diuisim
divisor,diviserunt
divorto,diuersos
divorto,divertere
do,Dat
do,Datum
do,dabat
do,damus
do,dare
do,daretur
do,dari
do,dat
do,data
do,date
do,datis
do,daturos
do,dederat
do,dederunt
do,dedimus
do,dedisse
do,dedisset
do,dedisti
do,dedit
doleo,Dolens
dolium,dolia
dolor,dolore
dolor,doloris
dolus,dolum
domesticus,domestico
domina,domine
dominicus,Dominica
dominicus,Dominici
dominicus,Dominicus
dominicus,Dominicæ
dominicus,dominica
dominicus,dominice
dominicus,dominicum
dominicus,dominicæ
dominium,Domini
dominium,domini
dominium,dominio
dominor,Domino
dominor,domino
dominus,Domini
dominus,Domino
dominus,Dominum
dominus,Dominus
dominus,domine
dominus,domini
dominus,domino
dominus,dominum
dominus,dominus
domo,domo
domus,domibus
domus,domum
domus,domus
donarium,donari
donarium,donarium
donec,donec
dono,donari
dormio,dormientibus
dubito,dubitans
dubito,dubites
dubius,dubium
duco,ducat
duco,ducens
duco,ducere
duco,ducerentur
duco,ducet
duco,duci
duco,duxerit
duco,duxeritis
duco,duxi
duco,duximus
duco,duxit
dudum,Dudum
dudum,dudum
dummodo,dummodo
duodecim,duodecim
duodecimus,duodecimo
duro,Durabit
duro,Duraturas
duro,duraturas
duro,duraturis
dux,Dux
dux,duci
dux,dux
ecce,ecce
ecclesia,Ecclesia
ecclesia,ecclesia
ecclesia,ecclesiam
ecclesia,ecclesiarum
ecclesia,ecclesias
ecclesia,ecclesie
ecclesia,ecclesiis
ecclesia,ecclesijs
ecclesia,ecclesiæ
ecclesiasticus,ecclesiastica
ecclesiasticus,ecclesiasticam
ecclesiasticus,ecclesiasticas
ecclesiasticus,ecclesiasticis
ecclesiasticus,ecclesiasticum
edico,edictis
edictum,edictis
editum,editis
edo,edite
edo,editis
edo,esus
effectum,effectum
effectus,effectum
effectus,effectus
efficio,effectum
efficio,effectus
effundo,effundere
ego,Ego
ego,ego
ego,me
ego,meque
ego,mi
ego,michi
ego,mihi
egredior,egressis
egregium,egregio
egregius,egregio
ei,ei
elabor,elapso
electio,Electio
electio,electio
electio,electionem
electio,electioni
electio,electionis
electus,Electum
electus,Electus
electus,electum
electus,electus
elicio,Electi
elicio,Electo
elicio,Electum
elicio,Electus
elicio,electo
elicio,electum
elicio,electus
eligo,Electi
eligo,Electo
eligo,Electum
eligo,Electus
eligo,Elige
eligo,electo
eligo,electum
eligo,electus
eligo,elegerat
eligo,elegerunt
eligo,elegit
eligo,eligant
eligo,eligendi
eligo,eligendum
eligo,eligentibus
eligo,eligere
eligo,eligeretur
eligo,eligitur
emendo,emendari
emineo,eminere
emitto,emisso
enato,enatando
enim,enim
eo,Eo
eo,eam
eo,eamque
eo,eas
eo,easque
eo,eo
eo,eundi
eo,eundo
eo,ii
eo,ij
eo,ire
eo,iret
eo,is
eo,ita
eo,ite
episcopalis,episcopalem
episcopalis,episcopali
episcopatus,Episcopatum
episcopatus,episcopatu
episcopatus,episcopatum
episcopatus,episcopatus
episcopus,Episcopi
episcopus,Episcopis
episcopus,Episcopo
episcopus,Episcopum
episcopus,Episcopus
episcopus,episcopi
episcopus,episcopo
episcopus,episcoporum
episcopus,episcopos
episcopus,episcopum
episcopus,episcopus
equa,equis
eques,equitibus
eques,equitum
equio,equis
equus,equis
erepo,ereptus
erga,erga
ergo,ergo
erigo,erexit
eripio,ereptus
eruo,eruisset
eruo,eruit
esus,esus
et,Et
et,et
etiam,eciam
etiam,etiam
evado,evaserunt
evagor,evagantibus
evenio,evenire
evenio,evenisse
evenio,eventum
eventum,eventum
eventus,eventum
evoco,euocandi
evoco,euocetur
ex,E
ex,Ex
ex,e
ex,ex
exactio,exactione
exalto,exaltaret
examino,examinari
exanimis,exanimem
exanimo,exanimem
excedo,excedit
excedo,excedunt
exceptio,excepcionibus
excidio,excidio
excidium,excidio
excipio,exceptis
excutio,excussit
exemplo,exemplo
exemplum,exemplo
exeo,exeuntes
exeo,exiret
exeo,existis
exeo,exitus
exerceo,exercere
exerceo,exercitu
exerceo,exercitum
exerceo,exercitus
exercio,exercitu
exercio,exercitum
exercio,exercitus
exercitus,exercitibus
exercitus,exercitu
exercitus,exercitui
exercitus,exercitum
exercitus,exercitus
exhalo,exhalavit
exhibeo,Exhibita
exhibeo,exhibentes
exhibeo,exhibere
exhibeo,exhiberi
exhibeo,exhibita
exicio,ejecit
exicio,ejectis
exigo,exigentibus
exigo,exigere
exinde,exinde
exitus,exitus
exjectus,ejectis
exorior,exoriri
exorior,exorta
expedio,expediatis
expedio,expedienda
expedio,expediendis
expedio,expediens
expedio,expedire
expedio,expeditius
expello,expelleret
expello,expulerat
expello,expulerunt
expello,expulit
expello,expulso
expendo,expensarum
expendo,expensas
expendo,expensis
expensa,expensarum
expensa,expensas
expensa,expensis
expensum,expensis
expergefacio,Expergefactus
expleo,expleri
explorator,exploratoribus
exploro,explorare
exploro,exploraret
expono,exponeretur
expono,exposita
expono,expositum
expono,exposuit
expressus,expressum
exprimo,expressam
exprimo,expresse
exprimo,expressum
exprimo,exprimenda
expugno,expugnare
expulso,expulso
exsequo,exequi
exsisto,exstiterunt
exsisto,exstitit
exsolvo,exoluamus
exspecto,exspectabant
exspecto,exspectabat
exspiro,expiravit
exstinguo,exstinxerunt
exsto,exstiterunt
exsto,exstitit
extorqueo,extorquere
extorqueo,extorsit
extra,extra
extremum,extremis
extremum,extremo
extremum,extremum
extremus,extreme
extremus,extremis
extremus,extremo
extremus,extremum
fabrico,fabricaret
fabricor,fabricaret
facilis,facilius
facio,Facta
facio,Factum
facio,facere
facio,faceremus
facio,facias
facio,faciat
facio,faciatis
facio,faciemus
facio,facienda
facio,faciendam
facio,faciendo
facio,faciendum
facio,faciens
facio,faciente
facio,facientes
facio,facientibus
facio,facta
facio,factam
facio,factas
facio,facte
facio,facto
facio,factum
facio,factumque
facio,factus
facio,fecerat
facio,fecerimus
facio,feceritis
facio,fecerunt
facio,feci
facio,fecimus
facio,fecisti
facio,fecistis
facio,fecit
factor,factoribus
factum,Facta
factum,Factum
factum,facta
factum,facto
factum,factum
factus,Factum
factus,factum
factus,factumque
factus,factus
facultas,facultatem
fallo,falso
falsum,falso
falsus,falso
fama,fame
familiaris,familiaribus
familiaris,familiaris
familiaris,familiarium
famularis,famulari
famulo,famulari
famulor,famulari
fateor,fatentis
fatigo,fatigare
fatigo,fatigatus
favor,fauor
favor,fauore
favor,fauorem
favor,fauoribus
favor,fauoris
favorabilis,fauorabilis
feliciter,feliciter
felix,felicem
felix,felices
felix,felici
felix,felicis
fera,fere
fere,fere
fero,Fertur
fero,ferebant
fero,fero
fero,fertur
fero,latior
fero,latius
fero,tulerit
fero,tulit
fero,tulitque
ferreus,ferro
ferrum,ferro
fertilitas,fertilitate
ferus,fere
ferus,fero
fervidus,fervidus
festinanter,festinanter
festinatio,festinatione
festivitas,festivitate
festum,festo
festum,festum
festus,festo
festus,festum
fidelis,fidelem
fidelis,fideles
fidelis,fideli
fidelis,fidelibus
fidelis,fidelis
fidelis,fidelium
fidelitas,fidelitatem
fidelitas,fidelitatis
fideliter,fideliter
fides,fidei
fides,fidem
fiducia,fiduciam
figo,fixis
filia,filia
filia,filiam
filia,filias
filia,filiis
filia,filijs
filius,Filii
filius,fili
filius,filii
filius,filiis
filius,filij
filius,filijs
filius,filio
filius,filiorum
filius,filios
filius,filium
filius,filius
filius,filjus
filum,fili
finio,finiens
finis,fine
finis,finem
finis,fines
finis,finibus
fio,fiat
fio,fieret
fio,fieri
firmitas,firmitate
firmitas,firmitatem
firmitas,firmitatis
firmiter,firmiter
firmo,firma
firmus,firma
firmus,firmissimam
flamma,flammis
flammeus,flammis
flecto,flectebat
flecto,flectens
flecto,flecti
flecto,flexus
flexus,flexus
fluctus,fluctibus
fluito,fluitantibus
fo,fecis
foedus,foedera
foedus,foedus
fontana,Fontanas
fontaneus,Fontanas
fontanus,Fontanas
for,fere
foras,foras
foris,fore
forma,forma
forma,formam
forma,formis
formido,formidandum
formo,forma
formo,formanda
formus,forma
formus,formam
formus,formis
foro,foras
foro,forent
foro,foret
fors,forte
forsitan,forsitan
fortis,forte
fortis,fortiori
fortis,fortioris
forus,fore
frater,Frater
frater,frater
frater,fratre
frater,fratrem
frater,fratres
frater,fratri
frater,fratribus
frater,fratris
frater,fratrum
fraternitas,fraternitatem
fraternitas,fraternitati
fraus,fraudis
frequento,frequenter
fructuosus,fructuosa
fructuosus,fructuosam
fructuosus,fructuose
fructuosus,fructuoso
fructuosus,fructuosum
fructus,fructum
fructus,fructus
fructus,fructuum
frumentum,frumenti
fruor,fructum
fruor,fructus
frustra,frustra
frustror,frustra
fuga,fuga
fuga,fugam
fugio,fugere
fugio,fugerent
fugio,fugerunt
fugio,fugiendi
fugio,fugiens
fugio,fugientem
fugio,fugientes
fugio,fugit
fugo,fuga
fugo,fugato
fugo,fugatus
fugo,fugavit
fugo,fugere
fulcio,fulciri
fulcio,fultus
fulgeo,fulgentem
fultus,fultus
fundo,Fundata
fundo,fundata
fungor,fungimur
furor,furore
futurus,futura
futurus,futuris
futurus,futuro
futurus,futurum
gaudenter,gaudenter
gaudeo,gaudeat
gaudeo,gaudeatis
gaudeo,gavisi
gaudeo,gavisus
gaudium,gaudio
gemitus,gemitu
gemo,gemitu
generalis,generale
generalis,generali
generaliter,generaliter
genero,generavit
genitalis,genitalibus
gens,gens
gens,gentem
gens,genti
gens,gentibus
genu,genua
genus,genere
germana,germanam
germanus,Germani
germanus,germanam
germanus,germani
germanus,germano
gero,geras
gero,gerebat
gero,gerere
gero,gerimus
gero,gerit
gero,gesta
gero,gestis
gero,gestum
gestio,gestis
gesto,gesta
gestus,gestum
gigno,Genuit
gigno,genuit
gloria,gloria
gloria,gloriam
glorior,gloria
gloriosus,gloriose
gloriosus,glorioso
gradus,gradu
gradus,gradum
grandio,grandi
grandis,grandi
grandis,grandium
gratia,gracia
gratia,graciam
gratioso,gracioso
gratiosus,graciosis
gratiosus,gracioso
gratiosus,gratiose
grator,grata
gratus,grata
gratus,gratis
gravis,gravi
gravis,gravia
graviter,graviter
gravo,grauari
grex,gregem
gubernatio,gubernatione
gubernator,gubernatori
guberno,gubernabat
guberno,gubernandam
guberno,gubernandum
guberno,gubernare
guberno,gubernaret
guberno,gubernaverat
habeo,Habuit
habeo,habeas
habeo,habeatis
habeo,habeatur
habeo,habebimus
habeo,habenda
habeo,habens
habeo,habentem
habeo,habere
habeo,haberet
habeo,haberi
habeo,habes
habeo,habet
habeo,habetur
habeo,habiti
habeo,habitu
habeo,habitum
habeo,habiturum
habeo,habuimus
habeo,habuisse
habeo,habuit
habitatio,habitationem
habitator,habitatore
habitator,habitatores
habito,habitabant
habito,habitantes
habito,habitare
habito,habitavit
habitus,habitu
habitus,habitum
hic,Hi
hic,Hic
hic,His
hic,Hoc
hic,Huic
hic,Hæc
hic,hac
hic,hanc
hic,harum
hic,has
hic,hec
hic,hic
hic,his
hic,hoc
hic,huius
hic,hujus
hic,hunc
hic,hæc
hinc,Hinc
hinc,hinc
hodie,hodie
hodiernus,hodiernum
homicidium,homicidia
homo,Homo
homo,hominem
homo,homines
homo,hominibus
homo,hominum
homo,homo
honestas,honestas
honestas,honestate
honestas,honestatem
honesto,honestas
honesto,honestate
honestus,honestas
honestus,honeste
honestus,honestus
honor,honor
honor,honore
honor,honorem
honor,honori
honorificentia,honorificentia
honorificus,honorifice
honoro,honoravit
honoro,honorem
honorus,honore
honorus,honori
hora,hora
hora,horam
hora,horis
horreo,horrendus
horto,hortamur
horto,hortandam
hortor,hortamur
hortor,hortandam
hospitium,hospitio
hospitium,hospitium
hostis,hostem
hostis,hostes
hostis,hostibus
huc,huc
huiusmodi,huiusmodi
humanus,humane
humo,humeris
iam,iam
iam,jam
ibi,ibi
ibi,ibique
ibidem,ibidem
ictus,ictibus
ictus,ictu
idem,Eodem
idem,eadem
idem,eandem
idem,earundem
idem,easdem
idem,eidem
idem,eisdem
idem,eiusdem
idem,eiusdemque
idem,ejusdem
idem,eodem
idem,eorundem
idem,eosdem
idem,eundem
idem,eundemque
idem,idem
idem,idemque
idem,iidemque
idem,iisdem
ideo,ideo
idoneus,idonea
idoneus,idoneum
igitur,Igitur
igitur,igitur
igneus,ignis
ignis,ignis
ignoranter,ignoranter
ignoro,ignoramus
ignoro,ignorans
ignoro,ignoras
ille,Ille
ille,Illi
ille,Illis
ille,illa
ille,illamque
ille,illarum
ille,ille
ille,illi
ille,illis
ille,illius
ille,illo
ille,illorum
ille,illud
ille,illudque
ille,illum
ille,illumque
illecebra,illecebris
illibatus,illibata
illic,illic
illic,illuc
illicitus,illiciti
illuc,illuc
illustris,illustri
imbecillitas,imbecillitatem
imber,imbre
immeritus,immeriti
immineo,imminebat
immisceo,immiscendo
immobilis,immobilia
impedimentum,impedimento
impedimentum,impedimentum
impedio,impediri
impendeo,impendere
impendeo,impenderis
impendeo,impendes
impendeo,impendet
impendium,impendi
impendo,impendas
impendo,impendat
impendo,impendatis
impendo,impendatur
impendo,impendere
impendo,impenderis
impendo,impenderit
impendo,impendes
impendo,impendet
impendo,impendi
impendo,impendit
impendo,impenditur
impendo,impensas
impendo,impensum
impensa,impensas
impensus,impensas
impensus,impensum
imperator,Imperatori
imperator,imperatoris
imperium,imperium
impertio,impertitur
impertior,impertitur
impetro,impetrandis
impetro,impetrari
impetro,impetratis
impetro,impetravit
impetus,impetu
impius,impii
impleo,impleta
impleo,impleverat
impleo,impleverunt
imploro,implorabant
impono,impositum
impono,imposuerunt
impono,imposuit
impreco,imprecatus
imprecor,imprecatus
improvisum,improviso
improvisus,improviso
impugno,inpugnandis
imputo,imputari
in,In
in,in
inanis,inane
inanis,inanes
incautus,incaute
incendium,incendia
incipio,incipientes
inclino,inclinati
incola,Incolæ
incola,incolis
incolo,incolis
incommodum,incommoda
incommodum,incommodis
incommodus,incommoda
incommodus,incommodis
inconsolabilis,inconsolabili
incorruptio,incorruptionem
incorruptus,incorruptum
incrementum,incrementa
incumbo,incumbat
incumbo,incumbencia
incuria,incuriam
incurro,incurrerunt
incurro,incurrisse
incurro,incurrit
incursus,incursus
inde,inde
indebitus,indebite
indicium,indicium
indico,indicaverunt
indictio,Indictione
indictio,Jndictione
indignatio,indignatione
indignor,indignati
indignor,indignatus
indo,inde
induco,inducatis
induco,inducemus
induco,induci
induco,inductum
induco,inducunt
inductio,induccione
inductus,inductum
indulgens,indulgencia
indulgentia,indulgencia
indulgentia,indulgencie
indulgentia,indulgencijs
indulgentia,indulgentia
indulgeo,indulgeat
indulgeo,indulgebat
indulgeo,indulgemus
indulgeo,indulgencia
indulgeo,indulgentia
indultum,indulto
indultum,indultum
indultus,indultum
induo,induti
industria,industriam
industria,industrie
industrius,industriam
industrius,industrie
industrius,industrium
ineo,inierunt
ineo,inita
inevitabilis,inevitabili
inexstinguibilis,inexstinguibilis
infero,illata
infero,inferentes
infero,inferre
inferus,inferiora
infinitum,infinitis
infinitus,infinitis
infirmis,infirmior
infirmitas,infirmitate
infirmus,infirmior
infortunium,infortunium
infra,infra
infrascribo,infrascriptis
infrascriptus,infrascriptis
ingredior,ingressi
ingredior,ingressus
ingressus,ingressus
inhibeo,inhibentes
inhumatus,inhumata
inhumo,inhumata
inimicitia,inimicitiæ
iniquitas,iniquitate
iniquus,iniquo
injunctus,iniunctis
injunctus,injuncta
injungo,iniunctis
injungo,iniungat
injungo,iniungenda
injungo,injuncta
injuria,injuria
injuria,injuriam
injurius,injuria
injurius,injuriam
injustus,injuste
inmeritum,inmerito
innocens,Innocentius
innocens,innocentes
innumerabilis,innumerabili
innuptus,innuptus
inopinatus,inopinate
inopinor,inopinate
insecutio,insecutionem
insero,inserere
insero,inserta
insero,insertam
inserta,inserta
inserta,insertam
inserto,inserta
insidia,insidiarum
insignio,insignitam
insignio,insignitus
insignis,insignibus
inspicio,inspecturis
inspiratio,inspirationem
instantia,instanciam
instantia,instantia
instantia,instantiam
instituo,instituit
instituo,institutus
institutio,institutio
institutio,institutionis
insto,instabat
insto,instans
insto,instanti
insto,instantia
insto,institeris
instrumentum,instrumentis
instruo,instruere
insula,Insula
insula,Insulam
insula,Insularum
insula,Insulas
insula,Insule
insula,Insulis
insula,insula
insula,insulam
insula,insularum
insula,insulas
insula,insulis
insula,insulæ
insulanus,Insulanorum
insulanus,insulanas
insulanus,insulanis
insulanus,insulanos
integro,integra
intellego,intellecta
intellego,intellectis
intellego,intellecto
intelligo,intelligeret
intempestus,intempestæ
intendo,Intenta
intendo,intendatis
intendo,intendentes
intendo,intentis
intentio,intencionis
intento,Intenta
intentus,Intenta
intentus,intentis
inter,Inter
inter,inter
intercedo,intercedant
intercessio,intercessione
intercludo,interclusam
interdico,interdici
interdico,interdicta
interdico,interdicti
interdico,interdictus
interdictum,interdicta
interdictum,interdicti
interdictus,interdictus
interea,interea
intereo,interiit
intereo,interitum
intereo,interitus
interficio,interfecerunt
interficio,interfectis
interficio,interficitur
intericio,interjectis
interim,Interim
interim,interim
interitus,interitum
interitus,interitus
interjectio,interiectione
interjectus,interjectis
internuntius,internuntios
intersum,interesse
intervenio,interueniente
intimo,intimatum
intolerabilis,intolerabiles
intra,Intra
intra,intra
intro,Intra
intro,intra
intro,intrans
introeo,introire
intromitto,intromittere
intrudo,intruserit
intrudo,intrusisset
intueor,intuentes
intueor,intuitu
intuitus,intuitu
intuo,intuentes
invado,invadat
invenio,inueniant
invenio,inuenimus
invenio,inuenisse
invenio,inveneris
invenio,invenerunt
invenio,invenimus
invenio,invenire
invenio,invenit
invenio,inveniunt
invicem,inuicem
invideo,invideo
invitus,invitus
invocatus,inuocata
invoco,inuocata
ipse,Ipsa
ipse,Ipse
ipse,Ipso
ipse,ipsa
ipse,ipsam
ipse,ipsarum
ipse,ipsas
ipse,ipse
ipse,ipsi
ipse,ipsis
ipse,ipsius
ipse,ipso
ipse,ipsorum
ipse,ipsos
ipse,ipsum
ipse,ipsumque
ipse,jpsasque
ira,ire
irascor,irati
irrefragabilis,irrefragabile
irrito,irritas
irritum,irritum
irritus,irritas
irritus,irritum
irruo,irruens
irruo,irruerent
irruo,irruit
is,Eo
is,Id
is,ea
is,eam
is,eamque
is,eaque
is,earum
is,eas
is,easque
is,ei
is,eis
is,eius
is,eiusque
is,ejus
is,eo
is,eorum
is,eos
is,eum
is,eumque
is,id
is,ii
is,iis
is,ij
is,is
iste,iste
iste,isti
iste,isto
ita,ita
itaque,Itaque
itaque,itaque
iter,iter
iter,itineris
iterum,Iterum
iterum,iterum
ito,ita
ito,iter
ius,iura
ius,iure
ius,iuribus
ius,iuris
ius,ius
iuste,iuste
iuxta,iuxta
iuxta,juxta
jaceo,jacet
jacto,jactarent
jubeo,iussit
jubeo,jussa
jubeo,jusserat
jubeo,jussimus
jubeo,jussit
jubeo,jussitque
jubeo,jussu
judex,iudicem
judex,iudicum
judicium,iudicio
judicium,iudicium
judico,iudicem
jugulo,jugulaverunt
jungo,jungere
juramentum,iuramenti
juramentum,iuramento
juramentum,iuramentum
juramentum,juramenti
juramentum,juramento
juramentum,juramentum
juro,iura
juro,jura
juro,juraverunt
juror,iura
juror,jura
juror,juraverunt
jus,iura
jus,iure
jus,iuribus
jus,iuris
jus,ius
jus,jura
jus,jure
jus,juribus
jus,juris
jus,jus
jussum,jussa
jussus,jussu
justitia,iustitia
justitia,justitia
justitia,justitiæ
justitium,iustitia
justitium,justitia
justum,iustis
justus,iuste
justus,iustis
juvenis,juvenis
labo,labor
labor,labor
laetus,lætus
languor,languore
lapideus,lapidis
lapis,lapidis
largior,largimur
largior,largire
largior,largitur
largitio,largitione
lateo,latere
later,latere
lateranensis,Lateranensis
latus,latere
latus,latior
latus,latius
laudabilis,Laudabilia
laudabilis,laudabili
laudabilis,laudabilia
laudabilis,laudabilibus
laudabilis,laudabilis
laudo,laudem
lea,le
lectum,lectum
lectus,lectum
legalis,legales
legatio,legationis
legatum,legato
legatus,legato
legatus,legatos
legatus,legatus
legitimus,legitima
legitimus,legitimam
legitimus,legitime
legitimus,legitimo
legitimus,legitimum
lego,lectum
lego,legato
lego,legatos
lego,legatus
lego,legentium
leus,le
levo,levavit
liber,libera
liber,liberam
liber,libere
liber,liberi
liber,liberum
liberalis,liberales
liberalitas,liberalitate
liberaliter,liberaliter
liberatio,liberatione
libere,libere
libero,libera
libero,liberarentur
libero,liberaret
libero,liberari
libero,liberatis
libero,liberatus
libero,liberavit
libertas,libertates
libertas,libertati
libet,Libet
libet,libenti
libet,libere
libet,liberi
libet,libuit
libo,Libet
libo,libere
libra,librarum
licens,licencia
licentia,licencia
licentia,licenciam
licentia,licentia
licentia,licentiam
liceo,Licet
liceo,liceat
liceo,licencia
liceo,licentia
liceo,licet
liceo,licite
liceor,Licet
liceor,liceat
liceor,licentia
liceor,licet
liceor,licite
licet,Licet
licet,liceat
licet,licentia
licet,licet
licet,licite
ligatus,ligatus
ligneus,ligni
ligneus,lignorum
lignum,ligni
lignum,lignorum
ligo,ligatus
lingua,linguam
liquidus,liquide
litigo,litigarent
lito,literis
litoreus,litora
litoreus,litore
littera,Literas
littera,literarum
littera,literas
littera,litterae
littera,litterarum
littera,litteras
littera,littere
littera,litteris
litus,litora
litus,litore
litus,littore
litus,litus
loco,loca
loco,locavit
loco,loco
locum,loca
locum,loci
locum,locis
locum,loco
locum,locorum
locum,locum
locus,loci
locus,locis
locus,loco
locus,locorum
locus,locum
locus,locus
longinquus,longinqua
longus,longum
loquela,loquelam
loquor,loquendum
loquor,loquens
luceo,luxit
lucesco,luxit
lucinus,Lucina
lucus,lucis
lugeo,luxit
luna,Lunæ
lupus,Lupi
lupus,lupus
lux,lucis
macula,macula
maculo,macula
magis,magis
magnanimitas,magnanimitatis
magnifico,magnificaret
magnus,Magni
magnus,Magno
magnus,Magnum
magnus,Magnus
magnus,magna
magnus,magnam
magnus,magnis
magnus,magno
magnus,magnum
magnus,magnus
magnus,magnæ
magnus,maioris
magus,magis
malo,mallem
malo,mallent
malum,mali
malum,malum
malus,mali
malus,malum
malus,peiora
mana,mane
mancipo,mancipati
mancipo,mancipavit
mandatum,mandata
mandatum,mandatis
mandatum,mandato
mandatum,mandatum
mandatus,mandatum
mando,Mandavit
mando,mandamus
mando,mandantes
mando,mandat
mando,mandata
mando,mandatis
mando,mandato
mando,mandatum
mando,mandauit
manduco,manducare
mane,mane
maneo,mane
maneo,manebat
maneo,mansit
maneo,mansitque
mania,Mania
manifesto,manifesta
manifestus,manifesta
manus,manibus
manus,manu
manus,manum
manus,manus
marcus,Marci
marcus,Marcus
marcus,marcis
mare,Maria
mare,mare
mare,maris
martyrium,martyrio
materia,materiam
materia,materias
materior,materias
matrimonium,matrimonii
matrimonium,matrimonio
matrimonium,matrimonium
maxime,maxime
maximus,maximam
maximus,maxime
maximus,maximis
maximus,maximum
medianus,medianus
medietas,medietatem
meditatio,meditatione
meditatio,meditationis
medium,media
medium,medio
medium,medium
medius,media
medius,medio
medius,medium
meio,meis
meio,mi
memoratus,memorato
memoria,memoriam
memoria,memorie
memoria,memoriæ
memoro,memorato
mens,mente
mens,mentem
mens,mentis
mensa,mensam
mensa,mense
mensa,mensis
mensis,mense
mensis,mensem
mensis,mensibus
mensis,mensis
mensus,mensam
mensus,mense
mensus,mensis
menta,mente
menta,mentis
mentior,mentio
mentior,mentis
mentum,mentis
meo,Mo
meo,mea
meo,mo
mereo,merearis
mereo,merita
mereo,meritis
mereo,merito
mereo,meritorum
mereor,merearis
mereor,merita
mereor,meritis
mereor,merito
mereor,meritorum
merito,merita
merito,merito
meritum,merita
meritum,meritis
meritum,merito
meritum,meritorum
metior,mensam
metior,mense
metior,mensis
metropolitanus,metropolitano
metropolitanus,metropolitanus
meum,mea
meum,meis
meum,meum
meus,mea
meus,meam
meus,meis
meus,meum
meus,meus
migro,migravit
miles,miles
miles,milite
miles,militem
milito,militem
milium,milia
millesimus,Millesimo
millesimus,millesimo
minimus,minime
ministerium,ministerium
ministro,ministrare
ministro,ministrari
minuo,minuere
miracula,miracula
miraculum,Miraculum
miraculum,miracula
miraculum,miraculum
miser,miser
miserabilis,miserabile
miserabilis,miserabili
miseratio,miseratione
miseria,miseriis
misericordia,misericordia
misericordia,misericordiam
miseror,miserans
miseror,miserant
missa,missa
missa,missam
missa,missis
missum,missa
missum,missi
missum,missis
missus,missus
mitis,mitis
mitra,mitre
mitto,miserant
mitto,miserunt
mitto,misit
mitto,missa
mitto,missam
mitto,missi
mitto,missis
mitto,missus
mitto,mittens
mitto,mittentes
mitto,mitteret
mitto,mittimus
mitto,mittitur
mobilis,mobilia
modestia,modestia
modestus,modeste
modicum,modico
modicum,modicum
modicus,modicam
modicus,modice
modicus,modico
modicus,modicum
modo,modo
modus,modis
modus,modo
modus,modum
mola,mole
molestia,molestiam
molestus,moleste
molestus,molestum
molo,mole
monachium,Monachi
monachus,Monachi
monachus,monachis
monachus,monacho
monachus,monachorum
monachus,monachos
monachus,monachum
monachus,monachus
monasterium,Monasterio
monasterium,monasterii
monasterium,monasteriis
monasterium,monasterio
monasterium,monasteriorum
monasterium,monasterium
moneo,monemus
moneo,monens
moneo,monete
moneo,monita
moneo,monitis
monitum,monita
monitum,monitis
mons,Monte
mons,montis
montuosus,montuosa
mora,mora
mora,more
mora,moris
moratus,moratus
morio,moreretur
morior,Mortuus
morior,moris
morior,moritur
morior,mortuo
morior,mortuorum
morior,mortuus
moror,mora
moror,morabatur
moror,morando
moror,moraretur
moror,moratus
moror,morem
mors,morte
mors,mortem
mors,mortis
mortalis,mortales
mortuus,Mortuus
mortuus,mortuo
mortuus,mortuorum
mortuus,mortuus
morum,mora
morum,moris
morum,morum
morus,mora
morus,more
morus,moris
morus,morum
mos,more
mos,morem
mos,moris
mos,morum
moto,mota
motus,motus
moveo,mota
moveo,motus
moveo,movere
mox,mox
mox,moxque
mula,Mule
multa,Multa
multa,multa
multa,multas
multa,multis
multitudo,multitudine
multitudo,multitudinem
multitudo,multitudo
multo,Multa
multo,multa
multo,multas
multo,multavit
multo,multo
multum,multum
multus,Multa
multus,Multi
multus,multa
multus,multas
multus,multi
multus,multis
multus,multo
multus,multos
multus,multum
mulus,Mule
munditia,munditia
munero,munera
muneror,munera
munio,muniri
munitio,munitiones
munus,munera
munus,munere
munus,muneribus
munus,munus
musca,muscarum
mutatus,mutatis
muto,mutandis
muto,mutatis
mutuor,mutuo
mutuum,mutuo
mutuum,mutuum
mutuus,mutuo
mutuus,mutuum
nam,Nam
nam,nam
namque,namque
narro,Narraverunt
narro,narrari
narro,narraverunt
narro,narravit
nata,nate
natalis,natale
natalis,natalis
natio,natione
natis,nate
natu,natu
natus,nate
natus,natu
natus,natus
naufragium,naufragio
naufragium,naufragium
navalis,navale
navigium,navigium
navigo,navigando
navigo,navigaverat
navigo,navigavit
navis,navem
navis,naves
navis,navi
navis,navibus
navis,navis
navis,navium
navo,navem
navo,naves
navus,navi
navus,navis
ne,ne
necessaria,necessaria
necessarius,necessaria
necessarius,necessarium
necessitas,necessitas
nego,negare
negotio,negocia
negotio,negocio
negotior,negotia
negotior,negotio
negotium,negocia
negotium,negocijs
negotium,negocio
negotium,negotia
negotium,negotiis
negotium,negotijs
negotium,negotio
negotium,negotium
nemo,nemo
nempe,nempe
neo,ne
neo,neci
nepos,nepos
nequaquam,nequaquam
neque,Nec
neque,nec
neque,necnon
neque,neque
nescio,nesciebat
nescio,nesciente
netus,neci
nigellus,Nigelli
nigellus,Nigello
nigrum,nigri
nihil,Nihil
nihil,nihil
nihil,nihilque
nihilominus,nichilominus
nimis,nimis
nimium,nimia
nimium,nimio
nimium,nimium
nimius,nimia
nimius,nimio
nimius,nimium
nisi,nisi
nitor,nisi
no,No
no,nate
no,natu
no,natus
no,navi
nobilis,Nobili
nobilis,nobilem
nobilis,nobiles
nobilis,nobili
nobilis,nobilibus
nobilis,nobilis
nobilis,nobilissime
nobilis,nobilium
noceo,nocui
noctu,noctu
nocuus,nocui
nolo,nolens
nolo,nollemus
nolo,noluerunt
nolo,noluit
nolo,nolumus
nomen,nomen
nomen,nomine
nomen,nominis
nomino,nominari
nomino,nominati
non,Non
non,non
nona,nonam
nona,nonas
nona,nonis
nondum,nondum
nonnullus,nonnulla
nonnullus,nonnullas
nonnullus,nonnullis
nonus,nonam
nonus,nonas
nonus,nonis
nonus,nono
nos,Nos
nos,nobis
nos,nobiscum
nos,nos
nos,nostri
nos,nostrum
nosco,noscatur
nosco,nosceris
nosco,noscitur
nosco,noscuntur
nosco,notos
nosco,noverant
noster,noster
noster,nostra
noster,nostram
noster,nostras
noster,nostre
noster,nostri
noster,nostris
noster,nostro
noster,nostrorum
noster,nostros
noster,nostrum
notitia,noticiam
notitia,notitiam
notorius,notoria
notus,notos
novalis,noualium
novo,nouo
novum,Novum
novum,nouo
novus,Novum
novus,nouo
novus,nouos
nox,nocte
nox,noctem
nox,noctis
nubo,nupsit
nullus,Nulli
nullus,Nullum
nullus,nulla
nullus,nullam
nullus,nulli
nullus,nullis
nullus,nullius
nullus,nullo
nullus,nullum
nullus,nullus
numero,numerandum
numero,numero
numerus,numero
numerus,numerus
numquam,nunquam
numquid,numquid
nunc,Nunc
nunc,nunc
nuncupo,nuncupantur
nuns,nunciorum
nuns,nuncium
nuns,nuncius
nunter,nuncius
nuntia,nunciis
nuntia,nuncijs
nuntio,nunciata
nuntio,nuncio
nuntio,nuntiatum
nuntium,Nuncii
nuntium,nuncii
nuntium,nunciis
nuntium,nuncij
nuntium,nuncijs
nuntium,nuncio
nuntium,nunciorum
nuntium,nuncium
nuntium,nuntii
nuntium,nuntiorum
nuntius,nuntii
nuntius,nuntiorum
nuntius,nuntios
nuper,nuper
nutrio,nutriti
nutrio,nutritus
nutus,nutu
ob,ob
obeo,Obeunte
obeo,Obiit
obeo,obierant
obeo,obiit
obitus,obitu
obitus,obitum
obitus,obitus
oblatio,oblatione
oblatio,oblationem
oblatio,oblationibus
obligatio,obligaciones
obligatio,obligacionis
obligatus,obligata
obligatus,obligatus
obligo,obligandi
obligo,obligare
obligo,obligat
obligo,obligata
obligo,obligatus
obliviscor,oblita
obliviscor,oblitus
obsequium,obsequio
observo,obseruandis
observo,obseruari
observo,obseruata
observo,obseruatis
observo,observari
observo,observata
obsessio,obsessionem
obsideo,obsederunt
obsideo,obsides
obsido,obsides
obsisto,obsistat
obsisto,obsistentibus
obsto,obstante
obsto,obstantibus
obsto,obstare
obsto,obstarent
obstupeo,obstupuerunt
obtendo,obtenta
obtineo,obtenta
obtineo,obtineant
obtineo,obtinebant
obtineo,obtinebat
obtineo,obtinemus
obtineo,obtinere
obtineo,obtinerent
obtineo,obtinuerunt
obtineo,obtinuit
obventio,obuencionum
obvio,obuiare
obvio,obviare
obvio,obviaverunt
obvius,obviam
occasio,occasione
occido,Occisus
occido,occidendos
occido,occidere
occido,occideret
occido,occiderunt
occido,occidit
occido,occisi
occido,occisis
occido,occiso
occido,occisorum
occido,occisum
occido,occisus
occulto,occultarent
occulto,occultaverunt
occulto,occultavit
occupatus,occupatum
occupo,occupant
occupo,occupatam
occupo,occupatas
occupo,occupatum
occupo,occupaverunt
occurro,occurrens
occurro,occurrerunt
octavus,octaui
octavus,octauo
octo,octo
octoginta,octoginta
oculeus,oculis
oculeus,oculo
oculeus,oculos
oculo,oculo
oculus,oculis
oculus,oculo
oculus,oculos
odium,odio
odor,odor
offero,Oblate
offero,oblatam
offero,oblatos
offero,oblatum
offero,obtulisti
offero,obtulit
offertor,Oblate
offertor,oblatam
offertor,oblatos
offertor,oblatum
offertor,obtulisti
offertor,obtulit
officialis,officialibus
officialis,officialium
officina,officinis
officio,officio
officium,officia
officium,officiis
officium,officij
officium,officio
officium,officium
olim,Olim
olim,olim
omitto,omisimus
omnimodus,omnimodis
omnino,omnino
omnis,Omnes
omnis,Omnibus
omnis,omnem
omnis,omnes
omnis,omnesque
omnis,omni
omnis,omnia
omnis,omnibus
omnis,omnium
onero,onera
onero,oneramus
onus,onera
onus,oneri
opera,operam
operatio,operationis
opero,operabaris
opportunus,opportune
ops,opem
optio,optionem
opus,operibus
opus,opus
ora,ora
ora,ore
oratorium,oratorio
oratorium,oratorium
oratorius,oratorio
oratorius,oratorium
orba,orbis
orbis,orbis
orbus,orbis
ordinarius,ordinaria
ordinatio,ordinationi
ordino,ordinem
ordino,ordines
ordo,Ordinis
ordo,ordine
ordo,ordinem
ordo,ordines
ordo,ordini
ordo,ordinis
ordo,ordinum
ordo,ordo
orior,Orto
orior,orta
orior,ortum
orno,ornatura
oro,ora
ortus,ortum
os,ora
os,ore
ostendo,ostendentes
ostendo,ostenderunt
ovis,oves
ovis,ovibus
ovo,oves
pacifico,pacificati
pacificor,pacifica
pacificor,pacificati
pacificus,pacifica
pacificus,pacificam
pacificus,pacifice
pacificus,pacificus
paciscor,pacto
paco,pace
paco,pacem
paco,pacemque
paco,pacis
pactum,pacto
pactus,pacto
paganus,paganis
pagina,pagina
pagina,paginam
pallium,pallio
pango,pacto
papa,Papa
papa,Pape
papa,Papæ
papa,papa
papa,papam
papa,pape
papilio,papilionibus
paratus,paratam
paratus,parati
paratus,paratus
parens,parentes
parens,parentum
parento,parentes
pareo,parentes
pareo,parvi
paries,parietes
pario,parte
pario,partis
pariter,pariter
paro,paratam
paro,parati
paro,paratus
paro,paraverunt
pars,pars
pars,parte
pars,partem
pars,partes
pars,partibus
pars,partis
participatio,participationem
partim,partim
partio,partis
partio,partitur
partio,partium
partior,partis
partior,partitur
partius,partium
partus,partibus
parvus,parvi
pascha,Pascha
pascha,Paschae
pascha,pascha
pasco,pascebantur
pascor,pascebantur
passus,passus
pastor,pastorem
pastor,pastores
pastor,pastori
pastor,pastoribus
pastor,pastoris
pastoralis,pastoralem
pastoralis,pastoralis
pateo,patentes
pateo,patere
pateo,pateret
pater,pater
pater,patre
pater,patrem
pater,patri
pater,patris
patera,patere
paternus,paterna
paternus,paternis
patio,pacis
patior,passus
patior,patere
patior,pateret
patior,patiaris
patior,patiatur
patria,patriam
patria,patriæ
patricius,Patricii
patrium,patri
patrius,patriam
patrius,patriæ
patro,patrem
patronus,patronus
patruus,patruus
paucus,Paucis
paucus,paucis
paucus,paucos
paululum,paululum
paululus,paululum
paulum,Pauli
paulum,Paulo
paulum,paulo
paulus,Pauli
paulus,Paulo
paulus,Paulus
paulus,paulo
pauper,pauperem
pax,pace
pax,pacem
pax,pacemque
pax,pacis
pax,pax
peccatum,peccata
pecco,peccata
pecunia,pecunia
pecunia,pecuniam
pecunia,pecunias
pecunia,pecuniis
pecunia,pecuniæ
pedis,pede
pedis,pedem
pedis,pedibus
pedo,pede
pendeo,pendens
pendo,pendens
penes,penes
penis,pene
penis,penes
penis,penis
penitus,penitus
penso,pensatis
penum,penis
per,Per
per,per
perInde,perinde
perIndus,perinde
perago,Peracta
perago,peracto
perago,peracturus
percello,perculit
percipio,percepit
percipio,percepte
percipio,percipiant
percipio,percipienda
percussus,percussus
percutio,percussurus
percutio,percussus
perdo,perdiderunt
perdomo,perdomuit
peregrinatio,peregrinatione
pereo,pereunte
pereo,peritus
perfero,pertulerunt
perfero,pertulit
perficio,perficientes
perhibeo,perhibentur
perhibeo,perhibere
perhibeo,perhibetur
perhorresco,perhorrescens
periculosus,periculosissimi
periculosus,periculosum
periculum,periculis
periculum,periculo
periculum,periculum
peritus,peritus
permaneo,permaneant
permaneo,permansit
permissus,permissus
permitto,permisit
permitto,permissus
permitto,permittatis
permitto,permittere
permitto,permitteret
permitto,permittitur
pernocto,pernoctavit
perpendo,Perpendens
perpendo,perpendimus
perpetro,Perpetrato
perpetro,perpetrata
perpetro,perpetratis
perpetuo,perpetua
perpetuo,perpetuo
perpetuum,perpetua
perpetuum,perpetui
perpetuum,perpetuis
perpetuum,perpetuo
perpetuum,perpetuum
perpetuus,perpetua
perpetuus,perpetui
perpetuus,perpetuis
perpetuus,perpetuo
perpetuus,perpetuum
perpetuus,perpetuæ
perquiro,perquirere
persequor,persecuti
persequor,persequentes
persequor,persequerentur
persisto,persistentem
persolvo,persoluta
persolvo,persolvit
persona,persona
persona,personam
persona,personas
persona,persone
persona,personis
personaliter,personaliter
personatus,personatus
persono,persona
persono,personas
persono,personatus
personus,persona
personus,personam
personus,personas
personus,persone
personus,personis
persuadeo,persuasit
pertinentia,pertinenciis
pertinentia,pertinentiarum
pertinentia,pertinentijs
pertineo,pertineant
pertineo,pertinent
pertineo,pertinentibus
pertineo,pertinere
pertineo,pertinet
pertineo,pertinuit
pertracto,pertractantes
perturbator,perturbatores
perturbo,perturbare
pervenio,peruenerunt
pervenio,peruenit
pervenio,pervenerint
pervenio,perveniret
pervenio,pervenisset
pervenio,pervenit
perverto,perversam
pes,pede
pes,pedem
pes,pedibus
petitio,peticio
petitio,peticionis
petitio,petitio
petitio,petitione
petitio,petitionibus
petitum,petita
peto,petens
peto,petentes
peto,petierint
peto,petierunt
peto,petiit
peto,petita
petro,Petro
pingo,pacto
piscor,piscatura
pistor,pistoris
pius,pie
pius,pium
pius,piæ
placeo,placet
placeo,placuit
placo,placare
placo,placet
plenum,plena
plenus,plena
plenus,plenam
plenus,plenius
plurimus,plurimum
pol,Pol
pono,posituros
pontifex,Pontifices
pontifex,Pontificibus
pontifex,Pontificis
pontifex,pontificem
pontifex,pontifices
pontifex,pontificis
pontifex,pontificum
pontificalis,pontificali
pontificatus,pontificatum
pontificatus,pontificatus
populeus,Populo
populeus,populi
populeus,populo
populeus,populum
populeus,populus
populo,Populo
populo,populo
populor,Populo
populor,populo
populus,Populo
populus,populi
populus,populo
populus,populum
populus,populus
portio,portione
portio,portionem
porto,portare
porto,portaret
portus,portu
portus,portum
possessio,possessione
possessio,possessionem
possessio,possessiones
possideo,possedisti
possideo,possidebant
possideo,possidebat
possideo,possidendam
possideo,possides
possideo,possidetis
possido,possidebant
possido,possidebat
possido,possidendam
possido,possides
possido,possidetis
possum,posse
possum,possent
possum,posset
possum,possetis
possum,possim
possum,possimus
possum,possint
possum,possis
possum,possit
possum,possum
possum,possumus
possum,potens
possum,poterant
possum,poterat
possum,poterimus
possum,poterit
possum,poteritis
possum,potero
possum,potest
possum,potuerat
possum,potuerit
possum,potuisse
possum,potuissent
possum,potuisset
possum,potuit
post,Post
post,post
postea,Postea
postea,postea
posterus,posterum
postmodum,Postmodum
postmodum,postmodum
postpono,postponas
postpono,postposita
postquam,postquam
postulatio,postulationibus
postulo,postulabant
postulo,postulans
postulo,postulantes
postulo,postulauit
postulo,postulavit
potens,potens
potens,potentior
potentia,potenciam
potestas,potestatem
potestas,potestatis
potis,potissime
potis,potius
potissimus,potissime
pratum,prato
pratus,prato
pravitas,prauitatem
pre,præ
preMissus,premissa
preMissus,premissis
preMissus,premissorum
prebeo,præbere
prebeo,præbuerunt
preceptum,præcepta
preceptum,præceptum
precinctus,præcinctus
precingo,præcinctus
precipiens,præcipiens
precipiens,præcipientes
precipio,præcepit
precipio,præcepitque
precipio,præcepta
precipio,præceptum
precipio,præcipiens
precipio,præcipientes
preco,preces
precor,preces
preda,prædæ
predicatio,prædicationem
predicator,prædicatores
predico,Prædictus
predico,predicta
predico,predictam
predico,predictas
predico,predicte
predico,predicti
predico,predictis
predico,predicto
predico,predictorum
predico,predictos
predico,predictus
predico,prædicta
predico,prædictam
predico,prædictas
predico,prædictis
predico,prædicto
predico,prædictorum
predico,prædictos
predico,prædictum
predico,prædictus
predico,prædictæ
predicte,predicte
predicto,predicto
predictor,predictorum
predictum,prædicta
predictum,prædictis
predictum,prædicto
predictum,prædictorum
predictum,prædictum
predo,prædones
prefate,prefate
prefato,prefato
prefatum,præfatum
prefatus,prefata
prefatus,prefatam
prefatus,prefate
prefatus,prefati
prefatus,prefatis
prefatus,prefato
prefatus,prefatos
prefatus,prefatum
prefatus,prefatus
prefatus,præfatum
prefero,prefertur
prefero,prelatis
preficio,prefecit
preficio,preficere
preficio,preficeres
preficio,preficias
preficio,preficiendo
preficio,preficimus
preficio,præfecit
preficio,præficere
prefigo,prefigendum
prefigo,prefixa
prefigo,prefixo
prefixio,prefixione
prefixo,prefixo
prefixus,prefixa
prefixus,prefixo
prefo,prefata
prefo,prefatam
prefo,prefate
prefo,prefati
prefo,prefatis
prefo,prefato
prefo,prefatos
prefo,prefatum
prefo,prefatus
prefor,præfatum
prehabito,prehabita
premissor,premissorum
premissus,premissa
premissus,premissis
premissus,premissorum
premitto,premissa
premitto,premissis
premitto,premissorum
premitto,premittitur
premo,premimur
preparo,præparantibus
preparo,præparare
preparo,præparari
presbyterium,presbyteri
presens,presencia
presens,presencium
presens,presens
presens,presentes
presens,presenti
presens,presentibus
presens,presentis
presens,presentium
presens,præsens
presentia,presencia
presentia,presentiam
presentia,presentiarum
presentio,presenti
presentio,presentiam
presentio,presentis
presentio,præsenti
presento,præsentaret
presento,præsentem
presento,præsentes
presequo,presequamur
presertim,presertim
presido,presidente
presido,presidentibus
presido,presidere
prestes,præstiti
presto,prestabit
presto,prestandi
presto,prestandum
presto,prestante
presto,prestes
presto,præstiti
presum,Præfuit
presum,presencia
presum,presencium
presum,presens
presum,presente
presum,presentes
presum,presenti
presum,presentibus
presum,presentis
presum,presentium
presum,præsens
presum,præsente
presumptio,presumpcione
preter,preter
preter,præter
preterea,preterea
pretexo,pretextu
prevaleo,prævaluerunt
prevaleo,prævaluit
prevenio,preuenti
preventus,preuenti
pridem,Pridem
pridie,Pridie
pridie,pridie
primo,primo
primum,primum
primus,Prima
primus,Primas
primus,Primus
primus,prima
primus,primis
primus,primo
primus,primum
primus,primus
princeps,Princeps
princeps,princeps
princeps,principes
princeps,principi
princeps,principibus
princeps,principum
principatus,principatum
principium,principi
principor,principatum
principor,principes
prior,Priori
prior,priore
prior,priori
prior,prioribus
prior,prioris
prior,prius
pristinus,pristinae
privatus,privatus
privilegium,priuilegio
privo,priuauerat
privo,privatus
privo,privaverunt
privo,privavit
pro,Pro
pro,pro
probabilis,probabilibus
probatio,probacio
probitas,Probitatis
probitas,probitatis
probo,probandi
procedo,procedens
procedo,processeruntque
procedo,processisset
procedo,processu
procedo,processus
processus,processibus
processus,processu
processus,processus
procreo,procreatum
procuratio,procurationum
procurator,procuratorem
procurator,procuratoribus
procuro,procuramus
procuro,procures
procuro,procuret
profectus,profectus
profectus,profectusque
professus,professis
professus,professus
proficio,profecti
proficio,profecturi
proficio,profecturus
proficio,profectus
proficio,profectusque
proficio,proficere
proficio,proficies
proficisco,profectusque
proficiscor,profecti
proficiscor,profecturi
proficiscor,profecturus
proficiscor,profectus
profiteo,professis
profiteo,professus
profuga,profugas
profugus,profugas
profugus,profugos
progenitor,progenitores
prohibeo,prohibente
prohibeo,prohibitus
prohibeo,prohibuit
prohibitio,prohibitione
proinde,proinde
prolixus,prolixe
prolixus,prolixioris
promereor,promereri
promissio,promissiones
promitto,promisit
promitto,promittebat
promotio,promocionem
promotio,promocionis
promotio,promocionum
promotio,promotionis
promoveo,promouenda
promoveo,promouendi
promoveo,promouendis
promoveo,promoueri
prompto,prompta
promptus,prompta
promulgo,promulgando
promulgo,promulgatas
prope,prope
propendeo,propensius
propero,properaverunt
propero,properavit
propitiatio,propitiationis
propitio,propitia
propitio,propitio
propitius,propitia
propitius,propitio
propono,proponant
propono,proponi
propono,proponit
propono,propositis
propono,proposito
propono,propositum
propositum,propositis
propositum,proposito
propositum,propositum
proprium,propria
proprium,propriis
proprium,proprium
proprius,propria
proprius,propriam
proprius,proprias
proprius,propriis
proprius,proprios
proprius,proprium
propter,propter
propterea,propterea
prorogo,prorogandum
prorogo,prorogato
prosequium,prosequi
prosequor,prosequamur
prosequor,prosequaris
prosequor,prosequentes
prosequor,prosequi
prosequor,prosequitur
prospere,prospere
prospero,prosperari
prosperus,prospere
prosum,profutura
protectio,proteccione
protectio,protectione
protectio,protectionem
protectio,protectionis
protego,protegatis
prout,prout
provenio,Prouenit
provenio,proueniat
provenio,prouenit
provenio,proueniunt
provenio,prouentus
provenio,provenire
provenio,proventus
proventus,prouentibus
proventus,prouentus
proventus,prouentuum
proventus,proventus
providentia,prouidencie
providentia,prouidentia
providentia,prouidentiam
providentia,providentia
provideo,prouideas
provideo,prouidemus
provideo,prouidendum
provideo,prouidentia
provideo,prouidere
provideo,prouideres
provideo,prouideri
provideo,prouiderint
provideo,provideas
provideo,providentia
provideo,provideremus
providus,prouido
provincia,prouincia
provincia,prouincie
provincia,provinciam
provincialis,prouinciales
provincialis,prouincialis
provisio,prouisio
provisio,prouisione
provisio,prouisionem
provisio,prouisiones
provisio,prouisionis
proximum,proxima
proximum,proximo
proximus,proxima
proximus,proximam
proximus,proxime
proximus,proximo
prudenter,prudenter
publico,publicari
publicum,publici
publicus,publici
pudicitia,pudicitiam
puella,puellarum
puer,puer
puer,pueri
puer,puero
puer,pueros
puer,puerum
puerulus,puerulo
puerus,pueri
puerus,puero
puerus,pueros
puerus,puerum
pugna,pugna
pugna,pugnæ
pugno,pugna
pugno,pugnare
pugno,pugnavit
pulcher,pulcherrimam
pulcherus,pulcherrimam
pulso,pulsamur
pulso,pulsat
punctum,punctum
punctus,punctum
pungo,punctum
punior,punire
puto,putas
putus,putas
quadragesimus,quadragesimo
quadraginta,quadraginta
quaero,querimus
quaero,quesitum
quaero,quærere
quaesitus,quesitum
qualis,quales
quam,quam
quantitas,quantitatis
quantus,quantum
quapropter,Quapropter
quare,Quare
quarta,quarta
quartum,Quarto
quartum,quarta
quartum,quarto
quartus,Quarto
quartus,quarta
quartus,quarto
quasi,quasi
que,que
querela,querela
quero,querimus
qui,Cui
qui,Cvi
qui,Qui
qui,Quibus
qui,Quo
qui,Quod
qui,cui
qui,cuius
qui,cvi
qui,qua
qui,quae
qui,quam
qui,quarum
qui,quas
qui,quem
qui,qui
qui,quibus
qui,quo
qui,quod
qui,quorum
qui,quos
qui,quæ
quia,Quia
quia,quia
quicumque,cuiuscunque
quicumque,quacunque
quicumque,quascunque
quicumque,quecumque
quicumque,quecunque
quicumque,quibuscunque
quicumque,quocunque
quicumque,quorumcunque
quicumque,quoscunque
quidam,Quadam
quidam,Quidam
quidam,cujusdam
quidam,quadam
quidam,quandam
quidam,quasdam
quidam,quendam
quidam,quibusdam
quidam,quidam
quidam,quodam
quidam,quorundam
quidam,quosdam
quidem,quidem
quies,quiete
quies,quietem
quies,quietis
quiesco,quiete
quiesco,quietis
quietum,quietis
quilibet,cuilibet
quilibet,cuiuslibet
quilibet,qualibet
quilibet,quarumlibet
quilibet,quibuslibet
quilibet,quolibet
quilibet,quoslibet
quinquaginta,quinquaginta
quinque,quinque
quintus,quinta
quintus,quinto
quis,Cui
quis,Cvi
quis,Qui
quis,Quibus
quis,Quid
quis,Quis
quis,Quo
quis,cui
quis,cuius
quis,cvi
quis,qua
quis,quae
quis,quarum
quis,quas
quis,quem
quis,qui
quis,quibus
quis,quid
quis,quis
quis,quo
quis,quorum
quis,quos
quis,quæ
quisnam,quidnam
quispiam,cuiuspiam
quisquam,quamquam
quisquam,quicquam
quisquam,quoquam
quisque,cuiusque
quisque,quodque
quisque,quoque
quisquis,quamquam
quisquis,quicquid
quisquis,quoquo
quivis,quauis
quivis,quibusuis
quivis,quouis
quo,Quo
quo,quo
quod,Quod
quod,quod
quondam,quondam
quoque,quoque
quotiens,Quotiens
quotiens,quotiens
rapina,rapine
rapina,rapinis
rapio,rapta
rapta,rapta
rapto,rapta
raptum,rapta
rarus,raris
ratio,Racionis
ratio,racione
ratio,racionem
ratio,racionibus
reatus,reatu
reatus,reatum
rebellis,rebelles
rebellis,rebellium
rebello,Rebellavit
rebello,rebelles
recedo,Recedente
recedo,recedendo
recedo,recedentes
recedo,recedentium
receptio,recepcionem
receptio,receptionem
receptum,recepti
recipio,receperunt
recipio,recepi
recipio,recepimus
recipio,recepit
recipio,recepti
recipio,recipere
recipio,recipi
recipio,recipiant
recipio,recipias
recipio,recipiat
recipio,recipiendi
recipio,recipientibus
recordatio,recordacionis
recordatio,recordationis
rector,Rector
rector,Rectorem
rector,Rectori
rector,rectoribus
rector,rectoris
recursus,recursum
recuso,recusabant
recuso,recusavit
recuso,recusent
reddo,reddamur
reddo,reddebant
reddo,reddendum
reddo,redderent
reddo,reddiderunt
reddo,reddimur
reddo,redditur
reddo,redditus
reddo,reddunt
redemptio,redemptione
redemptor,redemptoris
redeo,redeundo
redeo,redeuntes
redeo,redeunti
redeo,rediit
redeo,redire
redeo,redirent
redeo,rediret
redeo,redit
redeo,rei
redigo,redacta
reemo,redemptus
refercio,refertam
referio,referimus
refero,referimus
refero,referre
refero,retulerunt
reficio,reficere
refugium,refugium
regalis,regali
regalis,regalia
regero,regere
regia,Regiam
regia,regia
regia,regiam
regina,regina
regina,reginam
regina,reginæ
regio,regio
regio,regione
regius,Regiam
regius,regia
regius,regiam
regius,regio
regno,Regnavit
regno,regnabant
regno,regnare
regno,regnaret
regno,regnavit
regno,regnavitque
regno,regno
regnum,regni
regnum,regno
regnum,regnum
rego,Rege
rego,Regi
rego,Regis
rego,rege
rego,regere
rego,reges
rego,regetur
rego,regi
rego,regimini
rego,regis
rego,rexit
regula,regulam
regularis,regularem
regularis,regulari
regulo,regularem
regulo,regulari
regulo,regulo
regulus,regulo
relatio,relatione
relatus,relatibus
religio,religionis
religiosus,Religiosam
religiosus,religiosam
religiosus,religiosas
religiosus,religiosi
relinquo,Reliquit
relinquo,relinquentes
relinquo,reliquerunt
relinquo,reliquit
remaneo,remaneant
remaneo,remaneat
remaneo,remanens
remaneo,remanere
remaneo,remanserant
remedium,remedio
remeo,remeare
remeo,remeavit
remitto,remisit
remitto,remittendis
removeo,remota
removeo,remotis
removeo,remoto
renuntio,renunciandi
reo,reamque
reor,ratam
reor,res
repello,repulsi
reperio,repereritis
reperio,repererunt
reperio,reperirent
repo,repereris
repono,reponere
reputo,reputamus
requiro,requirimus
requiro,requisiti
requisitus,requisiti
res,Rem
res,rebus
res,rei
res,res
rescribo,rescribatis
reservatio,reseruacione
reservatio,reseruacionem
reservatio,reseruatio
reservatio,reseruatione
reservatio,reseruationes
reservo,reseruanda
reservo,reseruandam
reservo,reseruandas
reservo,reseruata
reservo,reseruatam
reservo,reseruatis
reservo,reseruato
reservo,reseruauit
resideo,residebamus
resideo,residemus
resideo,residere
resido,residebamus
resido,residemus
resido,residere
resisto,resistente
resisto,resistere
respondeo,responderunt
respondeo,respondit
respondeo,responsum
respondeo,responsurum
responsum,responsum
responsus,responsum
resumo,resumptis
retego,retexere
retineo,retinere
retineo,retinuimus
retributio,retributionis
reus,rei
reverentia,reuerenciam
reverentia,reuerentia
reverentia,reuerentiam
reverentia,reverentiam
revereo,reuerendus
revereo,reuereris
revereo,reverendo
reverto,Reversi
reverto,reversi
reverto,reversus
reverto,revertentes
reverto,reverti
reverto,revertissent
revoco,reuocaretur
revoco,reuocet
revoco,revocatus
revoco,revocavit
rex,Rege
rex,Regem
rex,Regi
rex,Regis
rex,Rex
rex,rege
rex,regem
rex,regemque
rex,reges
rex,regi
rex,regis
rex,regum
rex,rex
roboreus,robore
roboreus,roboris
roboro,roboratis
robur,robore
robur,roboris
robur,robur
robustus,robustus
rogatus,rogatum
rogo,Rogamus
rogo,rogabimus
rogo,rogamus
rogo,rogandam
rogo,rogandum
rogo,rogatum
rogo,rogaverunt
ruina,ruina
ruina,ruinæ
rumor,Rumor
rus,Ros
russeus,Russi
russus,Russi
sacer,sacre
sacer,sacris
sacerdotium,sacerdotio
sacerdotium,sacerdotium
sacramentum,sacramenta
sacramentum,sacramentum
sacro,sacratissimo
sacrosanctus,Sacrosancta
sacrum,sacris
saecularis,sæcularibus
saltem,saltem
salubris,salubri
salubris,salubria
salubris,salubribus
salubris,salubris
salubritas,salubritate
salus,salute
salus,salutem
salus,saluti
salus,salutis
salutaris,salutarem
salutaris,salutari
saluto,salutans
saluto,salutarem
saluto,salutari
saluto,salutem
salvo,salua
salvo,saluo
salvo,salvo
salvus,salua
salvus,saluo
salvus,salvo
salvus,salvum
sancio,Sancta
sancio,Sancte
sancio,Sancti
sancio,Sancto
sancio,Sanctum
sancio,Sanctus
sancio,Sanctæ
sancio,sancte
sancio,sancti
sancio,sanctis
sancio,sanctissimi
sancio,sancto
sancio,sanctorum
sancio,sanctum
sancio,sanctus
sancte,Sancte
sancte,sancte
sanctimonialis,sanctimonialem
sanctum,Sancta
sanctum,Sancti
sanctum,Sancto
sanctum,Sanctum
sanctum,sancti
sanctum,sanctis
sanctum,sancto
sanctum,sanctorum
sanctum,sanctum
sanctus,Sancte
sanctus,Sancti
sanctus,Sancto
sanctus,Sanctum
sanctus,Sanctus
sanctus,sancte
sanctus,sancti
sanctus,sanctis
sanctus,sancto
sanctus,sanctorum
sanctus,sanctum
sanctus,sanctus
sane,Sane
sane,sane
sanguineus,sanguine
sanguis,sanguine
sano,sano
sanus,Sane
sanus,sane
sanus,saniori
sanus,sanioris
sanus,sano
sapio,sapiant
satis,satis
satisfactio,satisfactione
satisfactio,satisfactionem
satum,satis
saxosus,saxosa
scandalum,scandala
scandalum,scandalis
scapha,scapham
scelerus,scelere
scelus,scelere
scelus,sceleribus
schola,schola
scientia,scientia
scilicet,scilicet
scio,Sciatis
scio,Ski
scio,sciens
scio,scientia
sciscitor,sciscitantes
scopulosus,scopuloso
scribo,Scripsimus
scribo,scripsimus
scribo,scripta
scribo,scripti
scribo,scriptum
scribo,scripturis
scrinium,scrinium
scriptor,Scriptoris
scriptum,scripta
scriptum,scripti
scriptum,scriptum
scriptura,scripturis
scriptus,scriptum
se,se
se,secum
se,sibi
se,sibique
se,sui
se,svi
secundo,secundo
secundum,secundum
secundus,secundo
secundus,secundum
securitas,securitatem
securus,secure
securus,securi
securus,securum
secus,secus
sed,Sed
sed,sed
sedeo,sede
sedeo,sedere
sedeo,sederet
sedeo,sederuntque
sedeo,sedes
sedeo,sedi
sedo,sedem
sedo,sedere
sedo,sedes
sedum,sedi
sedum,sedis
semel,semel
seminatrix,seminatrix
semper,semper
senectus,senectute
seni,seniorum
senium,seniorum
sententia,sententiam
sententia,sententiis
sententia,sententiæ
sentio,sencientis
seorsim,seorsim
separatio,separacione
separo,separavit
sepelio,Sepulturam
sepelio,Sepultus
sepelio,sepeliri
sepelio,sepelitur
sepelio,sepulta
sepelio,sepulturæ
sepelio,sepultus
sepelio,sepultusque
septem,septem
septimus,Septima
septimus,Septimo
septimus,septimo
sepultura,Sepulturam
sepultura,sepulturæ
sepultus,sepultusque
sequor,Sequenti
sequor,secuta
sequor,secutus
sequor,sequenti
sequor,sequentibus
serenitas,Serenitatem
serenitas,serenitatem
serenitas,serenitati
sero,satis
servio,seruire
servio,servientium
servio,serviret
servitium,seruitia
servitium,seruitiorum
servitium,servitio
servitium,servitium
servitus,seruitutis
servitus,servituti
servo,seruantibus
servo,seruata
servo,servaretur
servus,seruorum
servus,seruus
servus,servus
sex,sex
sexaginta,sexaginta
sextus,sextam
sextus,sexto
sextus,sextus
sexus,Sexus
si,Si
si,si
sic,Sic
sic,sic
sic,sicque
sicut,sicut
sidereus,sidere
sido,sidere
sidus,sidere
sigillum,sigilli
sigillum,sigillo
significo,significet
significo,significo
signo,signatas
signo,signo
signum,signo
silentium,silentio
silex,Silice
siliceus,Silice
silva,silva
simila,similis
similis,simili
similis,similis
similiter,Similiter
similiter,similiter
simul,simul
sinceritas,sinceritatem
sincerus,sincera
sincerus,sinceræ
sine,sine
singulus,singulis
singulus,singulorum
sino,sine
sino,sita
sino,situ
sino,situm
siquidem,siquidem
sive,Seu
sive,seu
sive,siue
sive,sive
socia,sociis
societas,societate
socius,sociis
sol,Sol
sol,solis
sol,solum
solacium,solacio
soleo,solitam
soleo,solitum
solidus,solidos
solitum,solitum
sollemnis,sollempnem
sollemniter,solemniter
sollemniter,solempniter
sollemniter,solenniter
sollicite,sollicite
sollicitus,sollicite
solo,sola
solor,sola
solum,sola
solum,solis
solum,solum
solummodo,solummodo
solus,sola
solus,solis
solus,solius
solus,solum
solus,solus
solutio,solutionem
solutum,solutis
solvo,soluendum
solvo,soluere
solvo,solueris
solvo,solui
solvo,solutis
solvo,solvat
somnus,somno
sopor,sopori
soporus,sopori
sortio,sortiretur
sortior,sortiretur
spatium,spatium
specialis,specialem
specialis,speciali
specialis,specialis
specialiter,specialiter
spectans,spectancium
specto,spectabat
specto,spectancium
sperno,spreto
spes,spe
spiritus,spiritum
spiritus,spiritus
spolio,spolia
spolio,spoliaverunt
spolium,spolia
spondeo,spoponderint
stadium,stadiorum
statim,statim
statuo,statuentes
statuo,statuerit
statuo,statuta
statuo,statutis
statutum,statuta
statutum,statutis
statutus,statuta
statutus,statutis
stella,stella
stella,stellæ
sto,stabat
sto,stare
sto,stetissent
strenuus,strenue
strenuus,strenuus
strepitus,strepitu
stringo,strictis
stringo,strinxit
studeo,studeamus
studeo,studeas
studeo,studeatis
studium,studium
sua,sua
sua,suae
sua,suam
sua,suarum
sua,suas
sua,sue
sua,suis
sua,suæ
suavis,suavi
suavium,suavi
sub,Sub
sub,sub
subdiaconus,subdiaconi
subditus,subditis
subdo,subditis
subeo,subire
subeo,subito
subicio,subiectas
subicio,subiectis
subicio,subiectos
subicio,subjectum
subicio,subjicere
subicio,subjiciens
subito,subito
subitum,subito
subjaceo,subiaceat
subjecto,subiectas
subjectum,subiectis
subjectum,subjectum
subjectus,subiectis
subjectus,subiectos
subjectus,subjectum
subjugo,subjugare
subjugo,subjugaret
subjugo,subjugavit
subjungo,subiungebat
sublimis,sublime
sublimus,sublime
submergo,Submersi
submergo,submersi
submergo,submersus
submoveo,summoueri
suborior,suboriri
subreptio,subreptionis
subsequor,subsecuta
subsequor,subsequentis
subsidium,subsidium
substantia,substantiam
subtraho,subtraxerint
succedo,succedenti
succedo,successorum
succedo,successus
succendo,succensi
succenseo,succensi
successor,successor
successor,successores
successor,successoribus
successor,successorum
successus,successus
sueo,sue
suffero,sublata
sufficio,Sufficit
sufficio,sufficere
sufficio,sufficiens
sufficio,sufficit
suffrago,suffragari
suffragor,suffragari
suggero,suggerente
suggero,suggessit
suggero,suggestis
sum,Erat
sum,Fuit
sum,S
sum,erant
sum,erat
sum,erimus
sum,es
sum,esse
sum,essent
sum,esset
sum,est
sum,estis
sum,fore
sum,forent
sum,fuerant
sum,fuerat
sum,fuerint
sum,fueris
sum,fuerit
sum,fuerunt
sum,fuissent
sum,fuisti
sum,fuit
sum,fuitque
sum,futura
sum,futuris
sum,futuro
sum,futurum
sum,s
sum,sint
sum,sit
sum,sum
sum,sunt
summa,summa
summa,summam
summum,summa
summum,summi
summum,summo
summus,summa
summus,summam
summus,summi
summus,summo
sumo,sumpsit
sumo,sumpto
sumo,sumptus
sumptus,sumptibus
sumptus,sumptus
suo,suam
suo,suas
suo,sue
suo,sui
suo,suis
suo,suo
suo,svi
super,super
superbia,superbiæ
supercilium,supercilio
supernus,superna
supero,superatos
supero,superatus
superus,superiore
superus,superiores
superus,superiori
superus,superioribus
superus,superius
supervenio,Supervenit
supervenio,supervenientes
supervenio,supervenit
supervivo,superuixerit
supplicatio,supplicationibus
suppliciter,suppliciter
supplico,supplicare
supplico,supplicatum
supporto,supportare
supra,supra
surgo,surgentes
surgo,surrexit
sus,sue
sus,sui
sus,suis
sus,suum
sus,svi
susceptum,Suscepti
susceptum,suscepto
susceptum,susceptum
suscipio,Suscepti
suscipio,susceperat
suscipio,susceperunt
suscipio,suscepisse
suscipio,suscepit
suscipio,susceptam
suscipio,suscepto
suscipio,susceptum
suscipio,susceptus
suscipio,suscipere
suscipio,suscipiendam
suscipio,suscipiens
suscipio,suscipientes
suscipio,suscipiet
suscipio,suscipimus
suspendium,suspendi
suspendo,suspendi
suspensio,suspensionis
sustentatio,sustentatione
sustentatio,sustentationem
sustento,sustentare
sustento,sustentari
sustineo,sustinet
suum,sua
suum,sui
suum,suis
suum,suo
suum,suorum
suum,suum
suum,svi
suus,sua
suus,suae
suus,suam
suus,suarum
suus,suas
suus,sue
suus,sui
suus,suis
suus,suo
suus,suorum
suus,suos
suus,suum
suus,suus
suus,suæ
suus,svi
synodalis,synodales
tabula,tabulas
tabula,tabulis
taedium,tædio
talentum,Talento
talis,tales
talis,tali
talis,talia
talis,talibus
talus,tali
tam,tam
tamen,tamen
tamquam,tanquam
tandem,tandem
tantum,tantum
tantus,tanta
tantus,tanti
tantus,tanto
tantus,tantum
tantus,tantus
telum,telorum
temerarius,temeraria
temeritas,temeritatis
tempestas,tempestate
templum,Templum
temporalis,temporalibus
temporalis,temporalium
tempto,temptauerit
tempus,tempore
tempus,temporibus
tempus,temporis
tempus,temporum
tempus,tempus
tenellus,tenellus
teneo,teneamini
teneo,teneantur
teneo,tenearis
teneo,tenebantur
teneo,tenebatur
teneo,tenemus
teneo,tenens
teneo,teneretur
teneo,tenes
teneo,tenuerat
teneo,tenuisti
teneo,tenuit
tenor,tenore
tenor,tenoris
tentorium,tentoriis
tentorium,tentorio
tentorius,tentoriis
tentorius,tentorio
tenus,tenore
tenus,tenoris
ter,ter
tergum,terga
tergum,tergo
tergum,tergum
termen,terminum
termino,termino
terminus,termino
terminus,terminos
terminus,terminum
terra,Terra
terra,Terras
terra,terra
terra,terram
terra,terras
terra,terre
terra,terris
terra,terræ
terrenum,terrena
terrenus,terrena
terreo,terre
terreus,Terra
terreus,Terras
terreus,terra
terreus,terram
terreus,terras
terreus,terre
terreus,terris
terreus,terræ
terror,terror
terror,terrore
tertio,tercio
tertius,Tertio
tertius,tercio
tertius,tercium
tertius,tertia
tertius,tertio
tertius,tertiæ
testa,Teste
testatus,testatus
testeus,Teste
testimonium,testimonia
testimonium,testimonio
testimonium,testimonium
testis,Teste
testis,Testes
testis,Testibus
testis,testes
testo,Testes
testo,testatus
testo,testes
thronus,thronum
timeo,Timebant
timeo,timebant
timor,timor
timor,timore
timor,timorem
titulus,tituli
titulus,titulis
titulus,titulum
toga,toga
tollo,sublata
tollo,tollendum
tormentum,tormentis
totaliter,totaliter
totidem,totidem
totum,totum
totus,tota
totus,totam
totus,totius
totus,toto
totus,totum
tracta,tractis
tractatus,tractatu
tracto,tractabant
tracto,tractari
tracto,tractati
tracto,tractatu
tractum,tractis
traditus,traditum
trado,tradas
trado,tradidit
trado,traditis
trado,traditum
traho,tractis
traho,trahi
transactum,transactis
transeo,transitum
transeo,transivit
transfero,Translatum
transfero,translata
transfero,translatum
transfero,transtulerunt
transfigo,transfigens
transfigo,transfixit
transfreto,transfretaverunt
transfreto,transfretavit
transigo,transactis
transitorius,transitoria
transitus,transitum
translatus,Translatum
translatus,translatum
transmeo,transmeare
transmitto,transmisit
transmitto,transmissas
transmitto,transmissæ
tribuo,tribuit
tribuo,tributa
tributum,tributa
tributus,tributa
triennis,triennis
triginta,triginta
trinitas,Trinitatis
tripudio,tripudio
tristitia,tristitia
truncus,truncum
tu,te
tu,tecum
tu,teque
tu,tibi
tu,tu
tu,tuque
tueo,tueque
tueor,tue
tueor,tueri
tueor,tutum
tulo,tulit
tum,tum
tunc,Tunc
tunc,tunc
tunica,tunica
tuor,tuorum
turba,turba
turba,turbam
turbo,turba
turbo,turbati
turma,turmas
tutum,tutum
tuus,tua
tuus,tuam
tuus,tue
tuus,tui
tuus,tuis
tuus,tuo
tuus,tuorum
tuus,tuos
tuus,tuum
tuus,tuus
uber,uberius
uber,vberius
ubi,Ubi
ubi,ubi
ulter,ulterioris
ulter,ulterius
ulter,vlterius
ulteriter,ulterius
ulteriter,vlterius
ulterius,ulterius
ulterius,vlterius
ultimum,ultimum
ultio,ultione
ultio,ultionem
ultio,ultioni
ultra,ultra
ultra,vltra
ultro,ultro
una,una
una,vna
unda,Unde
unda,undas
unda,unde
unda,undæ
unde,Unde
unde,unde
undecim,Undecim
undecimus,undecimo
undique,undique
undo,undas
universitas,uniuersitatem
universitas,uniuersitati
universitas,vniuersitati
universitas,vniuersitatis
universum,Uniuersis
universum,Universis
universum,universis
universum,vniuersis
universus,Uniuersis
universus,Universis
universus,universas
universus,universis
universus,universus
universus,vniuerse
universus,vniuersis
uno,una
uno,uno
uno,vna
unus,Unus
unus,una
unus,unam
unus,uno
unus,unum
unus,unus
unus,vna
unus,vnam
unus,vni
unus,vnum
unus,vnus
urbanus,Urbanus
urbanus,urbanus
urgeo,urgentibus
usque,usque
usque,vsque
usura,usurarum
usura,usuras
usura,vsurarum
usura,vsuris
usurpator,usurpatore
usurpo,usurpans
usurpo,usurpare
usurpo,usurparet
usurpo,usurpavit
usus,usibus
usus,usum
usus,usus
usus,vsum
usus,vsus
ut,Ut
ut,ut
ut,vt
utilis,utilem
utilis,utili
utilis,utilis
utilis,utilius
utilis,vtilis
utilitas,vtilitatem
utiliter,utiliter
utiliter,utilius
utiliter,vtiliter
utor,usum
utor,usurarum
utor,usuras
utor,usus
utor,vsum
utor,vsurarum
utor,vsuris
utor,vsus
vacatio,vacatione
vacatio,vacationem
vacatio,vacationibus
vacatio,vacationis
vaco,uacanti
vaco,uacantibus
vaco,uacare
vaco,uacaturorum
vaco,uacauit
vaco,vacabat
vaco,vacante
vaco,vacantem
vaco,vacantia
vaco,vacantibus
vaco,vacare
vaco,vacarent
vaco,vacatura
vaco,vacauerat
vaco,vacauerit
vaco,vacauisse
vaco,vacauisset
vaco,vacet
valde,valde
valedico,valedicens
valeo,Valeat
valeo,ualeant
valeo,ualeas
valeo,ualeat
valeo,valeant
valeo,valeas
valeo,valeat
valeo,valeatis
valeo,valens
valeo,valent
valeo,valere
valeo,valet
validus,valida
vallo,Vallem
valor,valorem
varia,uarias
varia,variis
varietas,varietate
vario,uarias
varius,uarias
varius,variis
vasto,vastare
vasto,vastaverunt
vasto,vastavit
vel,uel
vel,vel
veles,velitis
vello,velle
vello,vellemus
vello,vellet
venatio,venatione
venerabilis,Uenerabili
venerabilis,Venerabili
venerabilis,uenerabili
venerabilis,uenerabilis
venerabilis,venerabilem
venerabilis,venerabili
venerabilis,venerabilis
veneror,uenerari
venio,Venit
venio,uenientibus
venio,uenire
venio,venerunt
venio,veniatis
venio,veniendi
venio,veniendo
venio,veniens
venio,veniensque
venio,venientes
venio,venientium
venio,venisse
venio,venissent
venio,venisset
venio,venit
venio,venitque
venio,venturum
venio,ventus
ventus,ventus
verbum,uerba
verbum,uerbis
verbum,uerbo
verbum,uerborum
verbum,uerbum
verbum,verba
verbum,verbis
verbum,verborum
veritas,ueritate
veritas,ueritati
vernalis,vernali
vero,uero
vero,vero
verro,versus
versificor,versificator
versus,versus
verto,versus
verto,vertens
verto,vertentes
verto,vertere
verto,verteretur
verto,verterunt
verto,vertitur
verum,Verum
verum,uero
verum,vera
verum,vero
verum,verum
verus,Verum
verus,uero
verus,uerus
verus,vera
verus,vero
verus,verum
verus,verus
vesco,uescendi
vester,uestrarum
vester,uestras
vester,uestre
vester,uestris
vester,uestrorum
vester,vester
vester,vestra
vester,vestrae
vester,vestram
vester,vestras
vester,vestre
vester,vestris
vester,vestro
vester,vestros
vester,vestrum
vester,vestræ
vexatio,uexationibus
vexillum,vexillis
via,via
via,viam
vicaria,vicaria
vicaria,vicariam
vicaria,vicarie
vicarius,vicaria
vicarius,vicariam
vicarius,vicarie
vicarius,vicario
vicarius,vicarium
vicarius,vicarius
vicesimus,vicesima
vicesimus,vicesimo
vicinitas,vicinitate
victor,victores
victoria,victoriam
victualis,victualibus
victus,victui
victus,victum
victus,victus
vicus,uice
vicus,vice
videlicet,videlicet
videns,Videns
videns,videntes
video,Videns
video,uideatur
video,uideris
video,videbant
video,videbatur
video,videntes
video,videre
video,viderentur
video,vidissent
video,vidisset
video,visum
viduata,uiduatis
viduata,viduata
viduo,uiduatis
viduo,viduata
vigeo,uigebant
vigilo,uigiles
viginti,uiginti
viginti,viginti
vigor,uigore
vigor,vigore
villa,villa
villum,villa
vincio,vinciri
vincio,vincti
vincio,vinctum
vincio,vinctumque
vinco,victi
vinco,victum
vinco,victus
vinctus,vinctum
vinctus,vinctumque
vinculum,vincula
vinculum,vinculis
vinculum,vinculo
vindicta,vindictam
vineus,vini
vinum,vini
vinus,vini
violaris,violari
violarium,violari
violarius,violari
violentia,uiolentia
violo,violabat
violo,violari
vir,uir
vir,uiro
vir,vir
vir,viri
vir,viro
vir,virorum
vir,viros
vir,virum
vira,viris
virgineus,virginis
virtus,uirtute
virtus,uirtutibus
virtus,uirtutis
virtus,uirtutum
virtus,virtute
virtus,virtutem
virtus,virtutum
visio,visionem
visito,visitarent
visito,visitaret
viso,uiro
viso,viri
viso,viro
viso,visum
visum,visum
visus,visum
vita,Vite
vita,uitam
vita,uite
vita,vita
vita,vitam
vita,vite
vita,vitæ
viteus,Vite
viteus,uitam
viteus,uite
viteus,vita
viteus,vitam
viteus,vite
viteus,vito
viteus,vitæ
vitio,vitio
vitium,vitio
vito,vita
vito,vito
vivo,Vixit
vivo,victi
vivo,victum
vivo,victus
vivo,viuere
vivo,viueret
vivo,vivens
vivo,vivente
vivo,vivere
vivo,viveret
vivo,vivunt
vivo,vixero
vivo,vixit
vivum,viva
vivus,viva
vix,vix
vocabulum,uocabulis
vocatus,vocatus
voco,uocatis
voco,vocabatur
voco,vocari
voco,vocatis
voco,vocato
voco,vocatur
voco,vocatus
voco,vocavit
voco,vocavitque
volens,uolentes
volens,volens
volens,volentes
volito,volitare
volo,Volumus
volo,uolentes
volo,velit
volo,velitis
volo,velle
volo,vellemus
volo,vellet
volo,volens
volo,volentes
volo,voluerunt
volo,voluimus
volo,voluissent
volo,voluit
volo,volumus
voluntas,uoluntati
voluntas,voluntatem
voluntas,voluntatis
voluptas,voluptatibus
volvo,voluerunt
volvo,voluimus
volvo,voluissent
volvo,voluit
vos,uobis
vos,uos
vos,vestrum
vos,vobis
vos,vos
votum,uoto
votum,vota
votum,votis
voveo,uoto
voveo,vota
voveo,votis
vox,voce
vox,vocibus
vulnero,vulnerati
zelo,zelo
zelus,zelo
